1,1,birthmarks/experiment2/bzip2_amd64_darwin_clang_28dc2ee7.json,birthmarks/experiment2/bzip2_amd64_darwin_go_cd368ba0.json,470177141792
14,1,birthmarks/experiment2/bzip2_amd64_darwin_clang_28dc2ee7.json,birthmarks/experiment2/bzip2_amd64_windows_msvc.exe_bf6ed930.json,57446470833
16,1,birthmarks/experiment2/bzip2_amd64_darwin_clang_28dc2ee7.json,birthmarks/experiment2/bzip2_amd64_windows_rs-sys.exe_e8875bd0.json,1523613245833
30,1,birthmarks/experiment2/bzip2_amd64_darwin_clang_28dc2ee7.json,birthmarks/experiment2/bzip2_arm64_windows_go.exe_f32aecb8.json,579850237834
39,1,birthmarks/experiment2/bzip2_amd64_darwin_gcc_885ac7de.json,birthmarks/experiment2/bzip2_amd64_linux_gcc_4399a2b9.json,245824476625
42,1,birthmarks/experiment2/bzip2_amd64_darwin_gcc_885ac7de.json,birthmarks/experiment2/bzip2_amd64_linux_rs-sys_90d77d68.json,2475554613625
71,1,birthmarks/experiment2/bzip2_amd64_darwin_go_cd368ba0.json,birthmarks/experiment2/bzip2_amd64_linux_gcc_4399a2b9.json,329292179625
76,1,birthmarks/experiment2/bzip2_amd64_darwin_go_cd368ba0.json,birthmarks/experiment2/bzip2_amd64_windows_clang.exe_ac39e1ca.json,845249289917
84,1,birthmarks/experiment2/bzip2_amd64_darwin_go_cd368ba0.json,birthmarks/experiment2/bzip2_arm64_darwin_go_f857338e.json,1036237250500
91,1,birthmarks/experiment2/bzip2_amd64_darwin_go_cd368ba0.json,birthmarks/experiment2/bzip2_arm64_linux_rs-pure_434c6cad.json,2069086231500
105,1,birthmarks/experiment2/bzip2_amd64_darwin_rs-pure_672b9aab.json,birthmarks/experiment2/bzip2_amd64_linux_rs-sys_90d77d68.json,11854397678709
136,1,birthmarks/experiment2/bzip2_amd64_darwin_rs-sys_089b3292.json,birthmarks/experiment2/bzip2_amd64_linux_tgo_339261c9.json,2891736351292
144,1,birthmarks/experiment2/bzip2_amd64_darwin_rs-sys_089b3292.json,birthmarks/experiment2/bzip2_arm64_darwin_gcc_87a53fd3.json,933966072625
148,1,birthmarks/experiment2/bzip2_amd64_darwin_rs-sys_089b3292.json,birthmarks/experiment2/bzip2_arm64_darwin_tgo_91b83a84.json,3451909527083
154,1,birthmarks/experiment2/bzip2_amd64_darwin_rs-sys_089b3292.json,birthmarks/experiment2/bzip2_arm64_linux_tgo_5485493c.json,3574972814792
158,1,birthmarks/experiment2/bzip2_amd64_darwin_rs-sys_089b3292.json,birthmarks/experiment2/bzip2_arm64_windows_rs-pure.exe_70f3ba79.json,6886415635083
187,1,birthmarks/experiment2/bzip2_amd64_darwin_tgo_e9ce53c1.json,birthmarks/experiment2/bzip2_arm64_windows_rs-pure.exe_70f3ba79.json,2746548904458
207,1,birthmarks/experiment2/bzip2_amd64_linux_clang_2430eb37.json,birthmarks/experiment2/bzip2_arm64_linux_gcc_96b9e9ad.json,243058676417
212,1,birthmarks/experiment2/bzip2_amd64_linux_clang_2430eb37.json,birthmarks/experiment2/bzip2_arm64_windows_clang.exe_bbfd25d7.json,325648577333
218,1,birthmarks/experiment2/bzip2_amd64_linux_gcc_4399a2b9.json,birthmarks/experiment2/bzip2_amd64_linux_rs-pure_227bfcee.json,1982638415791
243,1,birthmarks/experiment2/bzip2_amd64_linux_gcc_4399a2b9.json,birthmarks/experiment2/bzip2_arm64_windows_rs-sys.exe_223cea53.json,926725501750
255,1,birthmarks/experiment2/bzip2_amd64_linux_go_62958439.json,birthmarks/experiment2/bzip2_arm64_darwin_go_f857338e.json,1263706661750
263,1,birthmarks/experiment2/bzip2_amd64_linux_go_62958439.json,birthmarks/experiment2/bzip2_arm64_linux_rs-sys_0cdcf5cb.json,2069115311375
278,1,birthmarks/experiment2/bzip2_amd64_linux_rs-pure_227bfcee.json,birthmarks/experiment2/bzip2_arm64_darwin_clang_48b110af.json,860732819291
282,1,birthmarks/experiment2/bzip2_amd64_linux_rs-pure_227bfcee.json,birthmarks/experiment2/bzip2_arm64_darwin_rs-sys_26360764.json,9301556044583
297,1,birthmarks/experiment2/bzip2_amd64_linux_rs-sys_90d77d68.json,birthmarks/experiment2/bzip2_amd64_windows_gcc.exe_6c63c1e7.json,392966448583
299,1,birthmarks/experiment2/bzip2_amd64_linux_rs-sys_90d77d68.json,birthmarks/experiment2/bzip2_amd64_windows_msvc.exe_bf6ed930.json,414565931792
300,1,birthmarks/experiment2/bzip2_amd64_linux_rs-sys_90d77d68.json,birthmarks/experiment2/bzip2_amd64_windows_rs-pure.exe_0f1bb339.json,10883841299667
318,1,birthmarks/experiment2/bzip2_amd64_linux_rs-sys_90d77d68.json,birthmarks/experiment2/bzip2_arm64_windows_rs-sys.exe_223cea53.json,8542780801291
371,1,birthmarks/experiment2/bzip2_amd64_windows_gcc.exe_6c63c1e7.json,birthmarks/experiment2/bzip2_arm64_darwin_rs-pure_4270a245.json,182761468416
379,1,birthmarks/experiment2/bzip2_amd64_windows_gcc.exe_6c63c1e7.json,birthmarks/experiment2/bzip2_arm64_linux_tgo_5485493c.json,88317282958
385,1,birthmarks/experiment2/bzip2_amd64_windows_go.exe_475848bc.json,birthmarks/experiment2/bzip2_amd64_windows_msvc.exe_bf6ed930.json,123475592833
389,1,birthmarks/experiment2/bzip2_amd64_windows_go.exe_475848bc.json,birthmarks/experiment2/bzip2_arm64_darwin_gcc_87a53fd3.json,375355274792
394,1,birthmarks/experiment2/bzip2_amd64_windows_go.exe_475848bc.json,birthmarks/experiment2/bzip2_arm64_linux_clang_1ab795bb.json,198832068375
396,1,birthmarks/experiment2/bzip2_amd64_windows_go.exe_475848bc.json,birthmarks/experiment2/bzip2_arm64_linux_go_8a45dfb5.json,1467516662833
402,1,birthmarks/experiment2/bzip2_amd64_windows_go.exe_475848bc.json,birthmarks/experiment2/bzip2_arm64_windows_msvc.exe_2fc063be.json,253574397750
405,1,birthmarks/experiment2/bzip2_amd64_windows_msvc.exe_bf6ed930.json,birthmarks/experiment2/bzip2_amd64_windows_rs-pure.exe_0f1bb339.json,222239821958
406,1,birthmarks/experiment2/bzip2_amd64_windows_msvc.exe_bf6ed930.json,birthmarks/experiment2/bzip2_amd64_windows_rs-sys.exe_e8875bd0.json,249457396875
407,1,birthmarks/experiment2/bzip2_amd64_windows_msvc.exe_bf6ed930.json,birthmarks/experiment2/bzip2_arm64_darwin_clang_48b110af.json,24240544000
409,1,birthmarks/experiment2/bzip2_amd64_windows_msvc.exe_bf6ed930.json,birthmarks/experiment2/bzip2_arm64_darwin_go_f857338e.json,109797262917
412,1,birthmarks/experiment2/bzip2_amd64_windows_msvc.exe_bf6ed930.json,birthmarks/experiment2/bzip2_arm64_darwin_tgo_91b83a84.json,91657123000
416,1,birthmarks/experiment2/bzip2_amd64_windows_msvc.exe_bf6ed930.json,birthmarks/experiment2/bzip2_arm64_linux_rs-pure_434c6cad.json,211774257583
426,1,birthmarks/experiment2/bzip2_amd64_windows_rs-pure.exe_0f1bb339.json,birthmarks/experiment2/bzip2_arm64_darwin_gcc_87a53fd3.json,668801010792
432,1,birthmarks/experiment2/bzip2_amd64_windows_rs-pure.exe_0f1bb339.json,birthmarks/experiment2/bzip2_arm64_linux_gcc_96b9e9ad.json,846062236500
435,1,birthmarks/experiment2/bzip2_amd64_windows_rs-pure.exe_0f1bb339.json,birthmarks/experiment2/bzip2_arm64_linux_rs-sys_0cdcf5cb.json,6526731393041
454,1,birthmarks/experiment2/bzip2_amd64_windows_rs-sys.exe_e8875bd0.json,birthmarks/experiment2/bzip2_arm64_windows_clang.exe_bbfd25d7.json,1775346590000
459,1,birthmarks/experiment2/bzip2_arm64_darwin_clang_48b110af.json,birthmarks/experiment2/bzip2_arm64_darwin_gcc_87a53fd3.json,92437411625
460,1,birthmarks/experiment2/bzip2_arm64_darwin_clang_48b110af.json,birthmarks/experiment2/bzip2_arm64_darwin_go_f857338e.json,353604619833
462,1,birthmarks/experiment2/bzip2_arm64_darwin_clang_48b110af.json,birthmarks/experiment2/bzip2_arm64_darwin_rs-sys_26360764.json,766022562250
466,1,birthmarks/experiment2/bzip2_arm64_darwin_clang_48b110af.json,birthmarks/experiment2/bzip2_arm64_linux_go_8a45dfb5.json,369417220125
469,1,birthmarks/experiment2/bzip2_arm64_darwin_clang_48b110af.json,birthmarks/experiment2/bzip2_arm64_linux_tgo_5485493c.json,359386236750
470,1,birthmarks/experiment2/bzip2_arm64_darwin_clang_48b110af.json,birthmarks/experiment2/bzip2_arm64_windows_clang.exe_bbfd25d7.json,173632039167
473,1,birthmarks/experiment2/bzip2_arm64_darwin_clang_48b110af.json,birthmarks/experiment2/bzip2_arm64_windows_rs-pure.exe_70f3ba79.json,656038396208
479,1,birthmarks/experiment2/bzip2_arm64_darwin_gcc_87a53fd3.json,birthmarks/experiment2/bzip2_arm64_linux_clang_1ab795bb.json,59649698334
481,1,birthmarks/experiment2/bzip2_arm64_darwin_gcc_87a53fd3.json,birthmarks/experiment2/bzip2_arm64_linux_go_8a45dfb5.json,397921907709
487,1,birthmarks/experiment2/bzip2_arm64_darwin_gcc_87a53fd3.json,birthmarks/experiment2/bzip2_arm64_windows_msvc.exe_2fc063be.json,87288084667
489,1,birthmarks/experiment2/bzip2_arm64_darwin_gcc_87a53fd3.json,birthmarks/experiment2/bzip2_arm64_windows_rs-sys.exe_223cea53.json,699794337833
495,1,birthmarks/experiment2/bzip2_arm64_darwin_go_f857338e.json,birthmarks/experiment2/bzip2_arm64_linux_go_8a45dfb5.json,1573389241000
501,1,birthmarks/experiment2/bzip2_arm64_darwin_go_f857338e.json,birthmarks/experiment2/bzip2_arm64_windows_msvc.exe_2fc063be.json,332401728792
504,1,birthmarks/experiment2/bzip2_arm64_darwin_rs-pure_4270a245.json,birthmarks/experiment2/bzip2_arm64_darwin_rs-sys_26360764.json,6380750382458
525,1,birthmarks/experiment2/bzip2_arm64_darwin_rs-sys_26360764.json,birthmarks/experiment2/bzip2_arm64_windows_go.exe_f32aecb8.json,3140699624291
538,1,birthmarks/experiment2/bzip2_arm64_darwin_tgo_91b83a84.json,birthmarks/experiment2/bzip2_arm64_windows_rs-pure.exe_70f3ba79.json,2568643032417
561,1,birthmarks/experiment2/bzip2_arm64_linux_go_8a45dfb5.json,birthmarks/experiment2/bzip2_arm64_linux_tgo_5485493c.json,1452753412000
571,1,birthmarks/experiment2/bzip2_arm64_linux_rs-pure_434c6cad.json,birthmarks/experiment2/bzip2_arm64_windows_msvc.exe_2fc063be.json,706660818459
573,1,birthmarks/experiment2/bzip2_arm64_linux_rs-pure_434c6cad.json,birthmarks/experiment2/bzip2_arm64_windows_rs-sys.exe_223cea53.json,5947409026084
597,1,birthmarks/experiment2/bzip2_amd64_darwin_go_cd368ba0.json,birthmarks/experiment2/bzip2_amd64_darwin_go_cd368ba0.json,1110104334334
604,1,birthmarks/experiment2/bzip2_amd64_linux_rs-pure_227bfcee.json,birthmarks/experiment2/bzip2_amd64_linux_rs-pure_227bfcee.json,12680537249209
0,1,birthmarks/experiment2/bzip2_amd64_darwin_clang_28dc2ee7.json,birthmarks/experiment2/bzip2_amd64_darwin_gcc_885ac7de.json,357627424709
12,1,birthmarks/experiment2/bzip2_amd64_darwin_clang_28dc2ee7.json,birthmarks/experiment2/bzip2_amd64_windows_gcc.exe_6c63c1e7.json,54841335666
13,1,birthmarks/experiment2/bzip2_amd64_darwin_clang_28dc2ee7.json,birthmarks/experiment2/bzip2_amd64_windows_go.exe_475848bc.json,839695967875
22,1,birthmarks/experiment2/bzip2_amd64_darwin_clang_28dc2ee7.json,birthmarks/experiment2/bzip2_arm64_darwin_tgo_91b83a84.json,619776725125
28,1,birthmarks/experiment2/bzip2_amd64_darwin_clang_28dc2ee7.json,birthmarks/experiment2/bzip2_arm64_linux_tgo_5485493c.json,624968109166
38,1,birthmarks/experiment2/bzip2_amd64_darwin_gcc_885ac7de.json,birthmarks/experiment2/bzip2_amd64_linux_clang_2430eb37.json,299374080000
41,1,birthmarks/experiment2/bzip2_amd64_darwin_gcc_885ac7de.json,birthmarks/experiment2/bzip2_amd64_linux_rs-pure_227bfcee.json,2382527576125
70,1,birthmarks/experiment2/bzip2_amd64_darwin_go_cd368ba0.json,birthmarks/experiment2/bzip2_amd64_linux_clang_2430eb37.json,430048473000
74,1,birthmarks/experiment2/bzip2_amd64_darwin_go_cd368ba0.json,birthmarks/experiment2/bzip2_amd64_linux_rs-sys_90d77d68.json,3577257169833
103,1,birthmarks/experiment2/bzip2_amd64_darwin_rs-pure_672b9aab.json,birthmarks/experiment2/bzip2_amd64_linux_go_62958439.json,2171162870625
114,1,birthmarks/experiment2/bzip2_amd64_darwin_rs-pure_672b9aab.json,birthmarks/experiment2/bzip2_arm64_darwin_gcc_87a53fd3.json,712427687875
118,1,birthmarks/experiment2/bzip2_amd64_darwin_rs-pure_672b9aab.json,birthmarks/experiment2/bzip2_arm64_darwin_tgo_91b83a84.json,3193656730875
122,1,birthmarks/experiment2/bzip2_amd64_darwin_rs-pure_672b9aab.json,birthmarks/experiment2/bzip2_arm64_linux_rs-pure_434c6cad.json,7440650542750
138,1,birthmarks/experiment2/bzip2_amd64_darwin_rs-sys_089b3292.json,birthmarks/experiment2/bzip2_amd64_windows_gcc.exe_6c63c1e7.json,329040599209
140,1,birthmarks/experiment2/bzip2_amd64_darwin_rs-sys_089b3292.json,birthmarks/experiment2/bzip2_amd64_windows_msvc.exe_bf6ed930.json,345054059333
142,1,birthmarks/experiment2/bzip2_amd64_darwin_rs-sys_089b3292.json,birthmarks/experiment2/bzip2_amd64_windows_rs-sys.exe_e8875bd0.json,8752497795541
157,1,birthmarks/experiment2/bzip2_amd64_darwin_rs-sys_089b3292.json,birthmarks/experiment2/bzip2_arm64_windows_msvc.exe_2fc063be.json,792270806875
161,1,birthmarks/experiment2/bzip2_amd64_darwin_tgo_e9ce53c1.json,birthmarks/experiment2/bzip2_amd64_linux_gcc_4399a2b9.json,499711569084
163,1,birthmarks/experiment2/bzip2_amd64_darwin_tgo_e9ce53c1.json,birthmarks/experiment2/bzip2_amd64_linux_rs-pure_227bfcee.json,5325633581583
183,1,birthmarks/experiment2/bzip2_amd64_darwin_tgo_e9ce53c1.json,birthmarks/experiment2/bzip2_arm64_linux_tgo_5485493c.json,1427335552083
196,1,birthmarks/experiment2/bzip2_amd64_linux_clang_2430eb37.json,birthmarks/experiment2/bzip2_amd64_windows_go.exe_475848bc.json,878389008458
203,1,birthmarks/experiment2/bzip2_amd64_linux_clang_2430eb37.json,birthmarks/experiment2/bzip2_arm64_darwin_rs-pure_4270a245.json,1334508805166
217,1,birthmarks/experiment2/bzip2_amd64_linux_gcc_4399a2b9.json,birthmarks/experiment2/bzip2_amd64_linux_go_62958439.json,466905516125
224,1,birthmarks/experiment2/bzip2_amd64_linux_gcc_4399a2b9.json,birthmarks/experiment2/bzip2_amd64_windows_msvc.exe_bf6ed930.json,48288467333
225,1,birthmarks/experiment2/bzip2_amd64_linux_gcc_4399a2b9.json,birthmarks/experiment2/bzip2_amd64_windows_rs-pure.exe_0f1bb339.json,1200641256708
239,1,birthmarks/experiment2/bzip2_amd64_linux_gcc_4399a2b9.json,birthmarks/experiment2/bzip2_arm64_windows_clang.exe_bbfd25d7.json,262203086125
242,1,birthmarks/experiment2/bzip2_amd64_linux_gcc_4399a2b9.json,birthmarks/experiment2/bzip2_arm64_windows_rs-pure.exe_70f3ba79.json,927664851250
254,1,birthmarks/experiment2/bzip2_amd64_linux_go_62958439.json,birthmarks/experiment2/bzip2_arm64_darwin_gcc_87a53fd3.json,331850963875
258,1,birthmarks/experiment2/bzip2_amd64_linux_go_62958439.json,birthmarks/experiment2/bzip2_arm64_darwin_tgo_91b83a84.json,1007152957667
264,1,birthmarks/experiment2/bzip2_amd64_linux_go_62958439.json,birthmarks/experiment2/bzip2_arm64_linux_tgo_5485493c.json,812033269917
269,1,birthmarks/experiment2/bzip2_amd64_linux_go_62958439.json,birthmarks/experiment2/bzip2_arm64_windows_rs-sys.exe_223cea53.json,1784534180750
281,1,birthmarks/experiment2/bzip2_amd64_linux_rs-pure_227bfcee.json,birthmarks/experiment2/bzip2_arm64_darwin_rs-pure_4270a245.json,8882990995458
296,1,birthmarks/experiment2/bzip2_amd64_linux_rs-sys_90d77d68.json,birthmarks/experiment2/bzip2_amd64_windows_clang.exe_ac39e1ca.json,3474674587708
303,1,birthmarks/experiment2/bzip2_amd64_linux_rs-sys_90d77d68.json,birthmarks/experiment2/bzip2_arm64_darwin_gcc_87a53fd3.json,1160107934167
306,1,birthmarks/experiment2/bzip2_amd64_linux_rs-sys_90d77d68.json,birthmarks/experiment2/bzip2_arm64_darwin_rs-sys_26360764.json,10609782722792
330,1,birthmarks/experiment2/bzip2_amd64_linux_tgo_339261c9.json,birthmarks/experiment2/bzip2_arm64_darwin_tgo_91b83a84.json,1095387987292
336,1,birthmarks/experiment2/bzip2_amd64_linux_tgo_339261c9.json,birthmarks/experiment2/bzip2_arm64_linux_tgo_5485493c.json,1135537400834
342,1,birthmarks/experiment2/bzip2_amd64_windows_clang.exe_ac39e1ca.json,birthmarks/experiment2/bzip2_amd64_windows_gcc.exe_6c63c1e7.json,98782825166
343,1,birthmarks/experiment2/bzip2_amd64_windows_clang.exe_ac39e1ca.json,birthmarks/experiment2/bzip2_amd64_windows_go.exe_475848bc.json,1446228822250
352,1,birthmarks/experiment2/bzip2_amd64_windows_clang.exe_ac39e1ca.json,birthmarks/experiment2/bzip2_arm64_darwin_tgo_91b83a84.json,846509716000
358,1,birthmarks/experiment2/bzip2_amd64_windows_clang.exe_ac39e1ca.json,birthmarks/experiment2/bzip2_arm64_linux_tgo_5485493c.json,902356519459
367,1,birthmarks/experiment2/bzip2_amd64_windows_gcc.exe_6c63c1e7.json,birthmarks/experiment2/bzip2_amd64_windows_rs-sys.exe_e8875bd0.json,200474270791
376,1,birthmarks/experiment2/bzip2_amd64_windows_gcc.exe_6c63c1e7.json,birthmarks/experiment2/bzip2_arm64_linux_go_8a45dfb5.json,96921730167
381,1,birthmarks/experiment2/bzip2_amd64_windows_gcc.exe_6c63c1e7.json,birthmarks/experiment2/bzip2_arm64_windows_go.exe_f32aecb8.json,86794789042
386,1,birthmarks/experiment2/bzip2_amd64_windows_go.exe_475848bc.json,birthmarks/experiment2/bzip2_amd64_windows_rs-pure.exe_0f1bb339.json,3098278869167
413,1,birthmarks/experiment2/bzip2_amd64_windows_msvc.exe_bf6ed930.json,birthmarks/experiment2/bzip2_arm64_linux_clang_1ab795bb.json,15061286667
414,1,birthmarks/experiment2/bzip2_amd64_windows_msvc.exe_bf6ed930.json,birthmarks/experiment2/bzip2_arm64_linux_gcc_96b9e9ad.json,31275250500
415,1,birthmarks/experiment2/bzip2_amd64_windows_msvc.exe_bf6ed930.json,birthmarks/experiment2/bzip2_arm64_linux_go_8a45dfb5.json,101510849875
419,1,birthmarks/experiment2/bzip2_amd64_windows_msvc.exe_bf6ed930.json,birthmarks/experiment2/bzip2_arm64_windows_clang.exe_bbfd25d7.json,48435076042
422,1,birthmarks/experiment2/bzip2_amd64_windows_msvc.exe_bf6ed930.json,birthmarks/experiment2/bzip2_arm64_windows_rs-pure.exe_70f3ba79.json,193415104250
428,1,birthmarks/experiment2/bzip2_amd64_windows_rs-pure.exe_0f1bb339.json,birthmarks/experiment2/bzip2_arm64_darwin_rs-pure_4270a245.json,5623984724125
447,1,birthmarks/experiment2/bzip2_amd64_windows_rs-sys.exe_e8875bd0.json,birthmarks/experiment2/bzip2_arm64_darwin_tgo_91b83a84.json,3118637488291
456,1,birthmarks/experiment2/bzip2_amd64_windows_rs-sys.exe_e8875bd0.json,birthmarks/experiment2/bzip2_arm64_windows_msvc.exe_2fc063be.json,790727439750
458,1,birthmarks/experiment2/bzip2_amd64_windows_rs-sys.exe_e8875bd0.json,birthmarks/experiment2/bzip2_arm64_windows_rs-sys.exe_223cea53.json,6530229135666
506,1,birthmarks/experiment2/bzip2_arm64_darwin_rs-pure_4270a245.json,birthmarks/experiment2/bzip2_arm64_linux_clang_1ab795bb.json,439659627000
508,1,birthmarks/experiment2/bzip2_arm64_darwin_rs-pure_4270a245.json,birthmarks/experiment2/bzip2_arm64_linux_go_8a45dfb5.json,3120155750417
520,1,birthmarks/experiment2/bzip2_arm64_darwin_rs-sys_26360764.json,birthmarks/experiment2/bzip2_arm64_linux_go_8a45dfb5.json,3282670224666
526,1,birthmarks/experiment2/bzip2_arm64_darwin_rs-sys_26360764.json,birthmarks/experiment2/bzip2_arm64_windows_msvc.exe_2fc063be.json,706312269333
531,1,birthmarks/experiment2/bzip2_arm64_darwin_tgo_91b83a84.json,birthmarks/experiment2/bzip2_arm64_linux_go_8a45dfb5.json,1422389137417
537,1,birthmarks/experiment2/bzip2_arm64_darwin_tgo_91b83a84.json,birthmarks/experiment2/bzip2_arm64_windows_msvc.exe_2fc063be.json,306716747875
539,1,birthmarks/experiment2/bzip2_arm64_darwin_tgo_91b83a84.json,birthmarks/experiment2/bzip2_arm64_windows_rs-sys.exe_223cea53.json,2595357592792
563,1,birthmarks/experiment2/bzip2_arm64_linux_go_8a45dfb5.json,birthmarks/experiment2/bzip2_arm64_windows_go.exe_f32aecb8.json,1539184821083
572,1,birthmarks/experiment2/bzip2_arm64_linux_rs-pure_434c6cad.json,birthmarks/experiment2/bzip2_arm64_windows_rs-pure.exe_70f3ba79.json,5877411107125
593,1,birthmarks/experiment2/bzip2_arm64_windows_msvc.exe_2fc063be.json,birthmarks/experiment2/bzip2_arm64_windows_rs-sys.exe_223cea53.json,627074124375
599,1,birthmarks/experiment2/bzip2_amd64_darwin_rs-sys_089b3292.json,birthmarks/experiment2/bzip2_amd64_darwin_rs-sys_089b3292.json,8247018005625
626,1,birthmarks/experiment2/bzip2_arm64_windows_go.exe_f32aecb8.json,birthmarks/experiment2/bzip2_arm64_windows_go.exe_f32aecb8.json,1000205448250
7,1,birthmarks/experiment2/bzip2_amd64_darwin_clang_28dc2ee7.json,birthmarks/experiment2/bzip2_amd64_linux_go_62958439.json,504519628708
15,1,birthmarks/experiment2/bzip2_amd64_darwin_clang_28dc2ee7.json,birthmarks/experiment2/bzip2_amd64_windows_rs-pure.exe_0f1bb339.json,1454517891917
29,1,birthmarks/experiment2/bzip2_amd64_darwin_clang_28dc2ee7.json,birthmarks/experiment2/bzip2_arm64_windows_clang.exe_bbfd25d7.json,297934631250
35,1,birthmarks/experiment2/bzip2_amd64_darwin_gcc_885ac7de.json,birthmarks/experiment2/bzip2_amd64_darwin_rs-pure_672b9aab.json,1419852722958
55,1,birthmarks/experiment2/bzip2_amd64_darwin_gcc_885ac7de.json,birthmarks/experiment2/bzip2_arm64_darwin_tgo_91b83a84.json,610498303459
61,1,birthmarks/experiment2/bzip2_amd64_darwin_gcc_885ac7de.json,birthmarks/experiment2/bzip2_arm64_linux_tgo_5485493c.json,716775671666
69,1,birthmarks/experiment2/bzip2_amd64_darwin_go_cd368ba0.json,birthmarks/experiment2/bzip2_amd64_darwin_tgo_e9ce53c1.json,958302787667
77,1,birthmarks/experiment2/bzip2_amd64_darwin_go_cd368ba0.json,birthmarks/experiment2/bzip2_amd64_windows_gcc.exe_6c63c1e7.json,86719416667
78,1,birthmarks/experiment2/bzip2_amd64_darwin_go_cd368ba0.json,birthmarks/experiment2/bzip2_amd64_windows_go.exe_475848bc.json,1288143630417
88,1,birthmarks/experiment2/bzip2_amd64_darwin_go_cd368ba0.json,birthmarks/experiment2/bzip2_arm64_linux_clang_1ab795bb.json,152930447375
90,1,birthmarks/experiment2/bzip2_amd64_darwin_go_cd368ba0.json,birthmarks/experiment2/bzip2_arm64_linux_go_8a45dfb5.json,1006598984625
96,1,birthmarks/experiment2/bzip2_amd64_darwin_go_cd368ba0.json,birthmarks/experiment2/bzip2_arm64_windows_msvc.exe_2fc063be.json,220546194083
99,1,birthmarks/experiment2/bzip2_amd64_darwin_rs-pure_672b9aab.json,birthmarks/experiment2/bzip2_amd64_darwin_rs-sys_089b3292.json,7249203234500
124,1,birthmarks/experiment2/bzip2_amd64_darwin_rs-pure_672b9aab.json,birthmarks/experiment2/bzip2_arm64_linux_tgo_5485493c.json,3290555987209
129,1,birthmarks/experiment2/bzip2_amd64_darwin_rs-pure_672b9aab.json,birthmarks/experiment2/bzip2_arm64_windows_rs-sys.exe_223cea53.json,6341518908416
149,1,birthmarks/experiment2/bzip2_amd64_darwin_rs-sys_089b3292.json,birthmarks/experiment2/bzip2_arm64_linux_clang_1ab795bb.json,548439569584
150,1,birthmarks/experiment2/bzip2_amd64_darwin_rs-sys_089b3292.json,birthmarks/experiment2/bzip2_arm64_linux_gcc_96b9e9ad.json,1165299187834
151,1,birthmarks/experiment2/bzip2_amd64_darwin_rs-sys_089b3292.json,birthmarks/experiment2/bzip2_arm64_linux_go_8a45dfb5.json,3841432209875
155,1,birthmarks/experiment2/bzip2_amd64_darwin_rs-sys_089b3292.json,birthmarks/experiment2/bzip2_arm64_windows_clang.exe_bbfd25d7.json,1783653605542
162,1,birthmarks/experiment2/bzip2_amd64_darwin_tgo_e9ce53c1.json,birthmarks/experiment2/bzip2_amd64_linux_go_62958439.json,1266221575042
165,1,birthmarks/experiment2/bzip2_amd64_darwin_tgo_e9ce53c1.json,birthmarks/experiment2/bzip2_amd64_linux_tgo_339261c9.json,1134090049834
171,1,birthmarks/experiment2/bzip2_amd64_darwin_tgo_e9ce53c1.json,birthmarks/experiment2/bzip2_amd64_windows_rs-sys.exe_e8875bd0.json,3517972948333
184,1,birthmarks/experiment2/bzip2_amd64_darwin_tgo_e9ce53c1.json,birthmarks/experiment2/bzip2_arm64_windows_clang.exe_bbfd25d7.json,721141622333
192,1,birthmarks/experiment2/bzip2_amd64_linux_clang_2430eb37.json,birthmarks/experiment2/bzip2_amd64_linux_rs-sys_90d77d68.json,2477270625666
214,1,birthmarks/experiment2/bzip2_amd64_linux_clang_2430eb37.json,birthmarks/experiment2/bzip2_arm64_windows_msvc.exe_2fc063be.json,144190968250
215,1,birthmarks/experiment2/bzip2_amd64_linux_clang_2430eb37.json,birthmarks/experiment2/bzip2_arm64_windows_rs-pure.exe_70f3ba79.json,1213832242375
231,1,birthmarks/experiment2/bzip2_amd64_linux_gcc_4399a2b9.json,birthmarks/experiment2/bzip2_arm64_darwin_rs-sys_26360764.json,1110947694417
248,1,birthmarks/experiment2/bzip2_amd64_linux_go_62958439.json,birthmarks/experiment2/bzip2_amd64_windows_gcc.exe_6c63c1e7.json,121323118958
250,1,birthmarks/experiment2/bzip2_amd64_linux_go_62958439.json,birthmarks/experiment2/bzip2_amd64_windows_msvc.exe_bf6ed930.json,128749718667
251,1,birthmarks/experiment2/bzip2_amd64_linux_go_62958439.json,birthmarks/experiment2/bzip2_amd64_windows_rs-pure.exe_0f1bb339.json,2414798253042
266,1,birthmarks/experiment2/bzip2_amd64_linux_go_62958439.json,birthmarks/experiment2/bzip2_arm64_windows_go.exe_f32aecb8.json,1070196205542
273,1,birthmarks/experiment2/bzip2_amd64_linux_rs-pure_227bfcee.json,birthmarks/experiment2/bzip2_amd64_windows_gcc.exe_6c63c1e7.json,281420662750
277,1,birthmarks/experiment2/bzip2_amd64_linux_rs-pure_227bfcee.json,birthmarks/experiment2/bzip2_amd64_windows_rs-sys.exe_e8875bd0.json,10318357971584
298,1,birthmarks/experiment2/bzip2_amd64_linux_rs-sys_90d77d68.json,birthmarks/experiment2/bzip2_amd64_windows_go.exe_475848bc.json,5587666338375
310,1,birthmarks/experiment2/bzip2_amd64_linux_rs-sys_90d77d68.json,birthmarks/experiment2/bzip2_arm64_linux_go_8a45dfb5.json,5676895508917
317,1,birthmarks/experiment2/bzip2_amd64_linux_rs-sys_90d77d68.json,birthmarks/experiment2/bzip2_arm64_windows_rs-pure.exe_70f3ba79.json,8526391814500
363,1,birthmarks/experiment2/bzip2_amd64_windows_clang.exe_ac39e1ca.json,birthmarks/experiment2/bzip2_arm64_windows_rs-sys.exe_223cea53.json,1669122826125
399,1,birthmarks/experiment2/bzip2_amd64_windows_go.exe_475848bc.json,birthmarks/experiment2/bzip2_arm64_linux_tgo_5485493c.json,1319841283459
404,1,birthmarks/experiment2/bzip2_amd64_windows_go.exe_475848bc.json,birthmarks/experiment2/bzip2_arm64_windows_rs-sys.exe_223cea53.json,2727036719667
437,1,birthmarks/experiment2/bzip2_amd64_windows_rs-pure.exe_0f1bb339.json,birthmarks/experiment2/bzip2_arm64_windows_clang.exe_bbfd25d7.json,1517183874709
439,1,birthmarks/experiment2/bzip2_amd64_windows_rs-pure.exe_0f1bb339.json,birthmarks/experiment2/bzip2_arm64_windows_msvc.exe_2fc063be.json,712795459375
442,1,birthmarks/experiment2/bzip2_amd64_windows_rs-sys.exe_e8875bd0.json,birthmarks/experiment2/bzip2_arm64_darwin_clang_48b110af.json,696797556250
444,1,birthmarks/experiment2/bzip2_amd64_windows_rs-sys.exe_e8875bd0.json,birthmarks/experiment2/bzip2_arm64_darwin_go_f857338e.json,2940537803375
453,1,birthmarks/experiment2/bzip2_amd64_windows_rs-sys.exe_e8875bd0.json,birthmarks/experiment2/bzip2_arm64_linux_tgo_5485493c.json,3429784305250
464,1,birthmarks/experiment2/bzip2_arm64_darwin_clang_48b110af.json,birthmarks/experiment2/bzip2_arm64_linux_clang_1ab795bb.json,55158406542
465,1,birthmarks/experiment2/bzip2_arm64_darwin_clang_48b110af.json,birthmarks/experiment2/bzip2_arm64_linux_gcc_96b9e9ad.json,118684966250
467,1,birthmarks/experiment2/bzip2_arm64_darwin_clang_48b110af.json,birthmarks/experiment2/bzip2_arm64_linux_rs-pure_434c6cad.json,778593406500
471,1,birthmarks/experiment2/bzip2_arm64_darwin_clang_48b110af.json,birthmarks/experiment2/bzip2_arm64_windows_go.exe_f32aecb8.json,350752091792
477,1,birthmarks/experiment2/bzip2_arm64_darwin_gcc_87a53fd3.json,birthmarks/experiment2/bzip2_arm64_darwin_rs-sys_26360764.json,827024342250
488,1,birthmarks/experiment2/bzip2_arm64_darwin_gcc_87a53fd3.json,birthmarks/experiment2/bzip2_arm64_windows_rs-pure.exe_70f3ba79.json,703579665042
494,1,birthmarks/experiment2/bzip2_arm64_darwin_go_f857338e.json,birthmarks/experiment2/bzip2_arm64_linux_gcc_96b9e9ad.json,455577703958
497,1,birthmarks/experiment2/bzip2_arm64_darwin_go_f857338e.json,birthmarks/experiment2/bzip2_arm64_linux_rs-sys_0cdcf5cb.json,3302462473791
513,1,birthmarks/experiment2/bzip2_arm64_darwin_rs-pure_4270a245.json,birthmarks/experiment2/bzip2_arm64_windows_go.exe_f32aecb8.json,2999790082417
523,1,birthmarks/experiment2/bzip2_arm64_darwin_rs-sys_26360764.json,birthmarks/experiment2/bzip2_arm64_linux_tgo_5485493c.json,3041985908292
530,1,birthmarks/experiment2/bzip2_arm64_darwin_tgo_91b83a84.json,birthmarks/experiment2/bzip2_arm64_linux_gcc_96b9e9ad.json,436622101375
534,1,birthmarks/experiment2/bzip2_arm64_darwin_tgo_91b83a84.json,birthmarks/experiment2/bzip2_arm64_linux_tgo_5485493c.json,1355058008125
540,1,birthmarks/experiment2/bzip2_arm64_linux_clang_1ab795bb.json,birthmarks/experiment2/bzip2_arm64_linux_gcc_96b9e9ad.json,73424883750
541,1,birthmarks/experiment2/bzip2_arm64_linux_clang_1ab795bb.json,birthmarks/experiment2/bzip2_arm64_linux_go_8a45dfb5.json,232722894542
542,1,birthmarks/experiment2/bzip2_arm64_linux_clang_1ab795bb.json,birthmarks/experiment2/bzip2_arm64_linux_rs-pure_434c6cad.json,491610436459
543,1,birthmarks/experiment2/bzip2_arm64_linux_clang_1ab795bb.json,birthmarks/experiment2/bzip2_arm64_linux_rs-sys_0cdcf5cb.json,518469995667
548,1,birthmarks/experiment2/bzip2_arm64_linux_clang_1ab795bb.json,birthmarks/experiment2/bzip2_arm64_windows_rs-pure.exe_70f3ba79.json,418812473833
553,1,birthmarks/experiment2/bzip2_arm64_linux_gcc_96b9e9ad.json,birthmarks/experiment2/bzip2_arm64_linux_tgo_5485493c.json,476966343542
558,1,birthmarks/experiment2/bzip2_arm64_linux_gcc_96b9e9ad.json,birthmarks/experiment2/bzip2_arm64_windows_rs-sys.exe_223cea53.json,866809384959
567,1,birthmarks/experiment2/bzip2_arm64_linux_rs-pure_434c6cad.json,birthmarks/experiment2/bzip2_arm64_linux_rs-sys_0cdcf5cb.json,7186685481666
595,1,birthmarks/experiment2/bzip2_amd64_darwin_clang_28dc2ee7.json,birthmarks/experiment2/bzip2_amd64_darwin_clang_28dc2ee7.json,526991356917
600,1,birthmarks/experiment2/bzip2_amd64_darwin_tgo_e9ce53c1.json,birthmarks/experiment2/bzip2_amd64_darwin_tgo_e9ce53c1.json,1395342769375
607,1,birthmarks/experiment2/bzip2_amd64_windows_clang.exe_ac39e1ca.json,birthmarks/experiment2/bzip2_amd64_windows_clang.exe_ac39e1ca.json,1060107524166
615,1,birthmarks/experiment2/bzip2_arm64_darwin_go_f857338e.json,birthmarks/experiment2/bzip2_arm64_darwin_go_f857338e.json,1672139211375
617,1,birthmarks/experiment2/bzip2_arm64_darwin_rs-sys_26360764.json,birthmarks/experiment2/bzip2_arm64_darwin_rs-sys_26360764.json,5152710905375
6,1,birthmarks/experiment2/bzip2_amd64_darwin_clang_28dc2ee7.json,birthmarks/experiment2/bzip2_amd64_linux_gcc_4399a2b9.json,195769329708
10,1,birthmarks/experiment2/bzip2_amd64_darwin_clang_28dc2ee7.json,birthmarks/experiment2/bzip2_amd64_linux_tgo_339261c9.json,525958272208
18,1,birthmarks/experiment2/bzip2_amd64_darwin_clang_28dc2ee7.json,birthmarks/experiment2/bzip2_arm64_darwin_gcc_87a53fd3.json,199376306875
21,1,birthmarks/experiment2/bzip2_amd64_darwin_clang_28dc2ee7.json,birthmarks/experiment2/bzip2_arm64_darwin_rs-sys_26360764.json,1292635870917
33,1,birthmarks/experiment2/bzip2_amd64_darwin_clang_28dc2ee7.json,birthmarks/experiment2/bzip2_arm64_windows_rs-sys.exe_223cea53.json,1141550052750
50,1,birthmarks/experiment2/bzip2_amd64_darwin_gcc_885ac7de.json,birthmarks/experiment2/bzip2_arm64_darwin_clang_48b110af.json,162595810042
52,1,birthmarks/experiment2/bzip2_amd64_darwin_gcc_885ac7de.json,birthmarks/experiment2/bzip2_arm64_darwin_go_f857338e.json,607230874917
59,1,birthmarks/experiment2/bzip2_amd64_darwin_gcc_885ac7de.json,birthmarks/experiment2/bzip2_arm64_linux_rs-pure_434c6cad.json,1488980764583
73,1,birthmarks/experiment2/bzip2_amd64_darwin_go_cd368ba0.json,birthmarks/experiment2/bzip2_amd64_linux_rs-pure_227bfcee.json,3512949185625
102,1,birthmarks/experiment2/bzip2_amd64_darwin_rs-pure_672b9aab.json,birthmarks/experiment2/bzip2_amd64_linux_gcc_4399a2b9.json,848207473167
107,1,birthmarks/experiment2/bzip2_amd64_darwin_rs-pure_672b9aab.json,birthmarks/experiment2/bzip2_amd64_windows_clang.exe_ac39e1ca.json,2091150816417
117,1,birthmarks/experiment2/bzip2_amd64_darwin_rs-pure_672b9aab.json,birthmarks/experiment2/bzip2_arm64_darwin_rs-sys_26360764.json,7322211828709
131,1,birthmarks/experiment2/bzip2_amd64_darwin_rs-sys_089b3292.json,birthmarks/experiment2/bzip2_amd64_linux_clang_2430eb37.json,1540410360292
135,1,birthmarks/experiment2/bzip2_amd64_darwin_rs-sys_089b3292.json,birthmarks/experiment2/bzip2_amd64_linux_rs-sys_90d77d68.json,13584386181959
167,1,birthmarks/experiment2/bzip2_amd64_darwin_tgo_e9ce53c1.json,birthmarks/experiment2/bzip2_amd64_windows_gcc.exe_6c63c1e7.json,125954070541
168,1,birthmarks/experiment2/bzip2_amd64_darwin_tgo_e9ce53c1.json,birthmarks/experiment2/bzip2_amd64_windows_go.exe_475848bc.json,1929520026958
176,1,birthmarks/experiment2/bzip2_amd64_darwin_tgo_e9ce53c1.json,birthmarks/experiment2/bzip2_arm64_darwin_rs-sys_26360764.json,3134417630666
193,1,birthmarks/experiment2/bzip2_amd64_linux_clang_2430eb37.json,birthmarks/experiment2/bzip2_amd64_linux_tgo_339261c9.json,517321452209
195,1,birthmarks/experiment2/bzip2_amd64_linux_clang_2430eb37.json,birthmarks/experiment2/bzip2_amd64_windows_gcc.exe_6c63c1e7.json,60951825208
197,1,birthmarks/experiment2/bzip2_amd64_linux_clang_2430eb37.json,birthmarks/experiment2/bzip2_amd64_windows_msvc.exe_bf6ed930.json,60459885750
198,1,birthmarks/experiment2/bzip2_amd64_linux_clang_2430eb37.json,birthmarks/experiment2/bzip2_amd64_windows_rs-pure.exe_0f1bb339.json,1497387737833
206,1,birthmarks/experiment2/bzip2_amd64_linux_clang_2430eb37.json,birthmarks/experiment2/bzip2_arm64_linux_clang_1ab795bb.json,109472134750
209,1,birthmarks/experiment2/bzip2_amd64_linux_clang_2430eb37.json,birthmarks/experiment2/bzip2_arm64_linux_rs-pure_434c6cad.json,1433261468625
228,1,birthmarks/experiment2/bzip2_amd64_linux_gcc_4399a2b9.json,birthmarks/experiment2/bzip2_arm64_darwin_gcc_87a53fd3.json,145778513625
232,1,birthmarks/experiment2/bzip2_amd64_linux_gcc_4399a2b9.json,birthmarks/experiment2/bzip2_arm64_darwin_tgo_91b83a84.json,527487714625
238,1,birthmarks/experiment2/bzip2_amd64_linux_gcc_4399a2b9.json,birthmarks/experiment2/bzip2_arm64_linux_tgo_5485493c.json,515908560125
247,1,birthmarks/experiment2/bzip2_amd64_linux_go_62958439.json,birthmarks/experiment2/bzip2_amd64_windows_clang.exe_ac39e1ca.json,1132006246459
259,1,birthmarks/experiment2/bzip2_amd64_linux_go_62958439.json,birthmarks/experiment2/bzip2_arm64_linux_clang_1ab795bb.json,189935930958
260,1,birthmarks/experiment2/bzip2_amd64_linux_go_62958439.json,birthmarks/experiment2/bzip2_arm64_linux_gcc_96b9e9ad.json,413474420375
261,1,birthmarks/experiment2/bzip2_amd64_linux_go_62958439.json,birthmarks/experiment2/bzip2_arm64_linux_go_8a45dfb5.json,874328886125
265,1,birthmarks/experiment2/bzip2_amd64_linux_go_62958439.json,birthmarks/experiment2/bzip2_arm64_windows_clang.exe_bbfd25d7.json,477364369083
272,1,birthmarks/experiment2/bzip2_amd64_linux_rs-pure_227bfcee.json,birthmarks/experiment2/bzip2_amd64_windows_clang.exe_ac39e1ca.json,3336065623917
285,1,birthmarks/experiment2/bzip2_amd64_linux_rs-pure_227bfcee.json,birthmarks/experiment2/bzip2_arm64_linux_gcc_96b9e9ad.json,1473713496250
287,1,birthmarks/experiment2/bzip2_amd64_linux_rs-pure_227bfcee.json,birthmarks/experiment2/bzip2_arm64_linux_rs-pure_434c6cad.json,9220862784541
304,1,birthmarks/experiment2/bzip2_amd64_linux_rs-sys_90d77d68.json,birthmarks/experiment2/bzip2_arm64_darwin_go_f857338e.json,4861822724167
314,1,birthmarks/experiment2/bzip2_amd64_linux_rs-sys_90d77d68.json,birthmarks/experiment2/bzip2_arm64_windows_clang.exe_bbfd25d7.json,2747839687458
316,1,birthmarks/experiment2/bzip2_amd64_linux_rs-sys_90d77d68.json,birthmarks/experiment2/bzip2_arm64_windows_msvc.exe_2fc063be.json,1218499281291
319,1,birthmarks/experiment2/bzip2_amd64_linux_tgo_339261c9.json,birthmarks/experiment2/bzip2_amd64_windows_clang.exe_ac39e1ca.json,768696757541
322,1,birthmarks/experiment2/bzip2_amd64_linux_tgo_339261c9.json,birthmarks/experiment2/bzip2_amd64_windows_msvc.exe_bf6ed930.json,85596844042
323,1,birthmarks/experiment2/bzip2_amd64_linux_tgo_339261c9.json,birthmarks/experiment2/bzip2_amd64_windows_rs-pure.exe_0f1bb339.json,2236313993208
332,1,birthmarks/experiment2/bzip2_amd64_linux_tgo_339261c9.json,birthmarks/experiment2/bzip2_arm64_linux_gcc_96b9e9ad.json,395878905042
334,1,birthmarks/experiment2/bzip2_amd64_linux_tgo_339261c9.json,birthmarks/experiment2/bzip2_arm64_linux_rs-pure_434c6cad.json,2350161800416
347,1,birthmarks/experiment2/bzip2_amd64_windows_clang.exe_ac39e1ca.json,birthmarks/experiment2/bzip2_arm64_darwin_clang_48b110af.json,279856115083
348,1,birthmarks/experiment2/bzip2_amd64_windows_clang.exe_ac39e1ca.json,birthmarks/experiment2/bzip2_arm64_darwin_gcc_87a53fd3.json,282308681167
351,1,birthmarks/experiment2/bzip2_amd64_windows_clang.exe_ac39e1ca.json,birthmarks/experiment2/bzip2_arm64_darwin_rs-sys_26360764.json,1927747808250
372,1,birthmarks/experiment2/bzip2_amd64_windows_gcc.exe_6c63c1e7.json,birthmarks/experiment2/bzip2_arm64_darwin_rs-sys_26360764.json,193127883459
380,1,birthmarks/experiment2/bzip2_amd64_windows_gcc.exe_6c63c1e7.json,birthmarks/experiment2/bzip2_arm64_windows_clang.exe_bbfd25d7.json,46008526958
383,1,birthmarks/experiment2/bzip2_amd64_windows_gcc.exe_6c63c1e7.json,birthmarks/experiment2/bzip2_arm64_windows_rs-pure.exe_70f3ba79.json,168852745917
390,1,birthmarks/experiment2/bzip2_amd64_windows_go.exe_475848bc.json,birthmarks/experiment2/bzip2_arm64_darwin_go_f857338e.json,1412073558917
400,1,birthmarks/experiment2/bzip2_amd64_windows_go.exe_475848bc.json,birthmarks/experiment2/bzip2_arm64_windows_clang.exe_bbfd25d7.json,699193011500
403,1,birthmarks/experiment2/bzip2_amd64_windows_go.exe_475848bc.json,birthmarks/experiment2/bzip2_arm64_windows_rs-pure.exe_70f3ba79.json,2682970600292
436,1,birthmarks/experiment2/bzip2_amd64_windows_rs-pure.exe_0f1bb339.json,birthmarks/experiment2/bzip2_arm64_linux_tgo_5485493c.json,2942195364417
443,1,birthmarks/experiment2/bzip2_amd64_windows_rs-sys.exe_e8875bd0.json,birthmarks/experiment2/bzip2_arm64_darwin_gcc_87a53fd3.json,693868765542
445,1,birthmarks/experiment2/bzip2_amd64_windows_rs-sys.exe_e8875bd0.json,birthmarks/experiment2/bzip2_arm64_darwin_rs-pure_4270a245.json,6792515470542
472,1,birthmarks/experiment2/bzip2_arm64_darwin_clang_48b110af.json,birthmarks/experiment2/bzip2_arm64_windows_msvc.exe_2fc063be.json,78089822000
474,1,birthmarks/experiment2/bzip2_arm64_darwin_clang_48b110af.json,birthmarks/experiment2/bzip2_arm64_windows_rs-sys.exe_223cea53.json,660994639166
480,1,birthmarks/experiment2/bzip2_arm64_darwin_gcc_87a53fd3.json,birthmarks/experiment2/bzip2_arm64_linux_gcc_96b9e9ad.json,132365883792
483,1,birthmarks/experiment2/bzip2_arm64_darwin_gcc_87a53fd3.json,birthmarks/experiment2/bzip2_arm64_linux_rs-sys_0cdcf5cb.json,873350014625
493,1,birthmarks/experiment2/bzip2_arm64_darwin_go_f857338e.json,birthmarks/experiment2/bzip2_arm64_linux_clang_1ab795bb.json,219790423667
496,1,birthmarks/experiment2/bzip2_arm64_darwin_go_f857338e.json,birthmarks/experiment2/bzip2_arm64_linux_rs-pure_434c6cad.json,3184941908041
511,1,birthmarks/experiment2/bzip2_arm64_darwin_rs-pure_4270a245.json,birthmarks/experiment2/bzip2_arm64_linux_tgo_5485493c.json,2906920683375
521,1,birthmarks/experiment2/bzip2_arm64_darwin_rs-sys_26360764.json,birthmarks/experiment2/bzip2_arm64_linux_rs-pure_434c6cad.json,6896550291708
551,1,birthmarks/experiment2/bzip2_arm64_linux_gcc_96b9e9ad.json,birthmarks/experiment2/bzip2_arm64_linux_rs-pure_434c6cad.json,1043129870041
562,1,birthmarks/experiment2/bzip2_arm64_linux_go_8a45dfb5.json,birthmarks/experiment2/bzip2_arm64_windows_clang.exe_bbfd25d7.json,785154042083
568,1,birthmarks/experiment2/bzip2_arm64_linux_rs-pure_434c6cad.json,birthmarks/experiment2/bzip2_arm64_linux_tgo_5485493c.json,3066144677708
579,1,birthmarks/experiment2/bzip2_arm64_linux_rs-sys_0cdcf5cb.json,birthmarks/experiment2/bzip2_arm64_windows_rs-sys.exe_223cea53.json,6226388202458
608,1,birthmarks/experiment2/bzip2_amd64_windows_gcc.exe_6c63c1e7.json,birthmarks/experiment2/bzip2_amd64_windows_gcc.exe_6c63c1e7.json,12822593750
609,1,birthmarks/experiment2/bzip2_amd64_windows_go.exe_475848bc.json,birthmarks/experiment2/bzip2_amd64_windows_go.exe_475848bc.json,2551021040083
618,1,birthmarks/experiment2/bzip2_arm64_darwin_tgo_91b83a84.json,birthmarks/experiment2/bzip2_arm64_darwin_tgo_91b83a84.json,1305663074459
622,1,birthmarks/experiment2/bzip2_arm64_linux_rs-pure_434c6cad.json,birthmarks/experiment2/bzip2_arm64_linux_rs-pure_434c6cad.json,4682781539750
3,1,birthmarks/experiment2/bzip2_amd64_darwin_clang_28dc2ee7.json,birthmarks/experiment2/bzip2_amd64_darwin_rs-sys_089b3292.json,1517730755084
26,1,birthmarks/experiment2/bzip2_amd64_darwin_clang_28dc2ee7.json,birthmarks/experiment2/bzip2_arm64_linux_rs-pure_434c6cad.json,1372435505291
43,1,birthmarks/experiment2/bzip2_amd64_darwin_gcc_885ac7de.json,birthmarks/experiment2/bzip2_amd64_linux_tgo_339261c9.json,493030798500
51,1,birthmarks/experiment2/bzip2_amd64_darwin_gcc_885ac7de.json,birthmarks/experiment2/bzip2_arm64_darwin_gcc_87a53fd3.json,174232181958
54,1,birthmarks/experiment2/bzip2_amd64_darwin_gcc_885ac7de.json,birthmarks/experiment2/bzip2_arm64_darwin_rs-sys_26360764.json,1384662380666
67,1,birthmarks/experiment2/bzip2_amd64_darwin_go_cd368ba0.json,birthmarks/experiment2/bzip2_amd64_darwin_rs-pure_672b9aab.json,2297697057084
87,1,birthmarks/experiment2/bzip2_amd64_darwin_go_cd368ba0.json,birthmarks/experiment2/bzip2_arm64_darwin_tgo_91b83a84.json,883051576958
93,1,birthmarks/experiment2/bzip2_amd64_darwin_go_cd368ba0.json,birthmarks/experiment2/bzip2_arm64_linux_tgo_5485493c.json,918822682500
101,1,birthmarks/experiment2/bzip2_amd64_darwin_rs-pure_672b9aab.json,birthmarks/experiment2/bzip2_amd64_linux_clang_2430eb37.json,1047345914541
108,1,birthmarks/experiment2/bzip2_amd64_darwin_rs-pure_672b9aab.json,birthmarks/experiment2/bzip2_amd64_windows_gcc.exe_6c63c1e7.json,233692635750
110,1,birthmarks/experiment2/bzip2_amd64_darwin_rs-pure_672b9aab.json,birthmarks/experiment2/bzip2_amd64_windows_msvc.exe_bf6ed930.json,241601275417
112,1,birthmarks/experiment2/bzip2_amd64_darwin_rs-pure_672b9aab.json,birthmarks/experiment2/bzip2_amd64_windows_rs-sys.exe_e8875bd0.json,7624894453083
126,1,birthmarks/experiment2/bzip2_amd64_darwin_rs-pure_672b9aab.json,birthmarks/experiment2/bzip2_arm64_windows_go.exe_f32aecb8.json,3398001088250
137,1,birthmarks/experiment2/bzip2_amd64_darwin_rs-sys_089b3292.json,birthmarks/experiment2/bzip2_amd64_windows_clang.exe_ac39e1ca.json,3046320068417
145,1,birthmarks/experiment2/bzip2_amd64_darwin_rs-sys_089b3292.json,birthmarks/experiment2/bzip2_arm64_darwin_go_f857338e.json,3759706820625
153,1,birthmarks/experiment2/bzip2_amd64_darwin_rs-sys_089b3292.json,birthmarks/experiment2/bzip2_arm64_linux_rs-sys_0cdcf5cb.json,8286301128583
177,1,birthmarks/experiment2/bzip2_amd64_darwin_tgo_e9ce53c1.json,birthmarks/experiment2/bzip2_arm64_darwin_tgo_91b83a84.json,1421996021459
181,1,birthmarks/experiment2/bzip2_amd64_darwin_tgo_e9ce53c1.json,birthmarks/experiment2/bzip2_arm64_linux_rs-pure_434c6cad.json,3189388595417
204,1,birthmarks/experiment2/bzip2_amd64_linux_clang_2430eb37.json,birthmarks/experiment2/bzip2_arm64_darwin_rs-sys_26360764.json,1388681377042
220,1,birthmarks/experiment2/bzip2_amd64_linux_gcc_4399a2b9.json,birthmarks/experiment2/bzip2_amd64_linux_tgo_339261c9.json,431805265250
226,1,birthmarks/experiment2/bzip2_amd64_linux_gcc_4399a2b9.json,birthmarks/experiment2/bzip2_amd64_windows_rs-sys.exe_e8875bd0.json,1287666401083
241,1,birthmarks/experiment2/bzip2_amd64_linux_gcc_4399a2b9.json,birthmarks/experiment2/bzip2_arm64_windows_msvc.exe_2fc063be.json,115741705500
244,1,birthmarks/experiment2/bzip2_amd64_linux_go_62958439.json,birthmarks/experiment2/bzip2_amd64_linux_rs-pure_227bfcee.json,3914198241375
274,1,birthmarks/experiment2/bzip2_amd64_linux_rs-pure_227bfcee.json,birthmarks/experiment2/bzip2_amd64_windows_go.exe_475848bc.json,5587985974708
289,1,birthmarks/experiment2/bzip2_amd64_linux_rs-pure_227bfcee.json,birthmarks/experiment2/bzip2_arm64_linux_tgo_5485493c.json,4103945943709
295,1,birthmarks/experiment2/bzip2_amd64_linux_rs-sys_90d77d68.json,birthmarks/experiment2/bzip2_amd64_linux_tgo_339261c9.json,3284986222750
302,1,birthmarks/experiment2/bzip2_amd64_linux_rs-sys_90d77d68.json,birthmarks/experiment2/bzip2_arm64_darwin_clang_48b110af.json,1032572100042
305,1,birthmarks/experiment2/bzip2_amd64_linux_rs-sys_90d77d68.json,birthmarks/experiment2/bzip2_arm64_darwin_rs-pure_4270a245.json,10190928185084
326,1,birthmarks/experiment2/bzip2_amd64_linux_tgo_339261c9.json,birthmarks/experiment2/bzip2_arm64_darwin_gcc_87a53fd3.json,264290552167
329,1,birthmarks/experiment2/bzip2_amd64_linux_tgo_339261c9.json,birthmarks/experiment2/bzip2_arm64_darwin_rs-sys_26360764.json,2344511620708
339,1,birthmarks/experiment2/bzip2_amd64_linux_tgo_339261c9.json,birthmarks/experiment2/bzip2_arm64_windows_msvc.exe_2fc063be.json,238715600708
340,1,birthmarks/experiment2/bzip2_amd64_linux_tgo_339261c9.json,birthmarks/experiment2/bzip2_arm64_windows_rs-pure.exe_70f3ba79.json,1924212081209
353,1,birthmarks/experiment2/bzip2_amd64_windows_clang.exe_ac39e1ca.json,birthmarks/experiment2/bzip2_arm64_linux_clang_1ab795bb.json,148262937666
355,1,birthmarks/experiment2/bzip2_amd64_windows_clang.exe_ac39e1ca.json,birthmarks/experiment2/bzip2_arm64_linux_go_8a45dfb5.json,866225961208
360,1,birthmarks/experiment2/bzip2_amd64_windows_clang.exe_ac39e1ca.json,birthmarks/experiment2/bzip2_arm64_windows_go.exe_f32aecb8.json,890530075250
382,1,birthmarks/experiment2/bzip2_amd64_windows_gcc.exe_6c63c1e7.json,birthmarks/experiment2/bzip2_arm64_windows_msvc.exe_2fc063be.json,19741724875
384,1,birthmarks/experiment2/bzip2_amd64_windows_gcc.exe_6c63c1e7.json,birthmarks/experiment2/bzip2_arm64_windows_rs-sys.exe_223cea53.json,177738146000
391,1,birthmarks/experiment2/bzip2_amd64_windows_go.exe_475848bc.json,birthmarks/experiment2/bzip2_arm64_darwin_rs-pure_4270a245.json,2778678891667
408,1,birthmarks/experiment2/bzip2_amd64_windows_msvc.exe_bf6ed930.json,birthmarks/experiment2/bzip2_arm64_darwin_gcc_87a53fd3.json,25827209000
410,1,birthmarks/experiment2/bzip2_amd64_windows_msvc.exe_bf6ed930.json,birthmarks/experiment2/bzip2_arm64_darwin_rs-pure_4270a245.json,208266275750
417,1,birthmarks/experiment2/bzip2_amd64_windows_msvc.exe_bf6ed930.json,birthmarks/experiment2/bzip2_arm64_linux_rs-sys_0cdcf5cb.json,220578852959
427,1,birthmarks/experiment2/bzip2_amd64_windows_rs-pure.exe_0f1bb339.json,birthmarks/experiment2/bzip2_arm64_darwin_go_f857338e.json,2847154161500
438,1,birthmarks/experiment2/bzip2_amd64_windows_rs-pure.exe_0f1bb339.json,birthmarks/experiment2/bzip2_arm64_windows_go.exe_f32aecb8.json,2709277392833
446,1,birthmarks/experiment2/bzip2_amd64_windows_rs-sys.exe_e8875bd0.json,birthmarks/experiment2/bzip2_arm64_darwin_rs-sys_26360764.json,7300547605375
482,1,birthmarks/experiment2/bzip2_arm64_darwin_gcc_87a53fd3.json,birthmarks/experiment2/bzip2_arm64_linux_rs-pure_434c6cad.json,834515697959
492,1,birthmarks/experiment2/bzip2_arm64_darwin_go_f857338e.json,birthmarks/experiment2/bzip2_arm64_darwin_tgo_91b83a84.json,1319158260000
499,1,birthmarks/experiment2/bzip2_arm64_darwin_go_f857338e.json,birthmarks/experiment2/bzip2_arm64_windows_clang.exe_bbfd25d7.json,752048743542
503,1,birthmarks/experiment2/bzip2_arm64_darwin_go_f857338e.json,birthmarks/experiment2/bzip2_arm64_windows_rs-sys.exe_223cea53.json,2792886657458
515,1,birthmarks/experiment2/bzip2_arm64_darwin_rs-pure_4270a245.json,birthmarks/experiment2/bzip2_arm64_windows_rs-pure.exe_70f3ba79.json,5512934664792
533,1,birthmarks/experiment2/bzip2_arm64_darwin_tgo_91b83a84.json,birthmarks/experiment2/bzip2_arm64_linux_rs-sys_0cdcf5cb.json,3120395888750
552,1,birthmarks/experiment2/bzip2_arm64_linux_gcc_96b9e9ad.json,birthmarks/experiment2/bzip2_arm64_linux_rs-sys_0cdcf5cb.json,1071655330917
564,1,birthmarks/experiment2/bzip2_arm64_linux_go_8a45dfb5.json,birthmarks/experiment2/bzip2_arm64_windows_msvc.exe_2fc063be.json,348580204542
566,1,birthmarks/experiment2/bzip2_arm64_linux_go_8a45dfb5.json,birthmarks/experiment2/bzip2_arm64_windows_rs-sys.exe_223cea53.json,2829401224000
578,1,birthmarks/experiment2/bzip2_arm64_linux_rs-sys_0cdcf5cb.json,birthmarks/experiment2/bzip2_arm64_windows_rs-pure.exe_70f3ba79.json,6114928247125
605,1,birthmarks/experiment2/bzip2_amd64_linux_rs-sys_90d77d68.json,birthmarks/experiment2/bzip2_amd64_linux_rs-sys_90d77d68.json,12606401646125
2,1,birthmarks/experiment2/bzip2_amd64_darwin_clang_28dc2ee7.json,birthmarks/experiment2/bzip2_amd64_darwin_rs-pure_672b9aab.json,1420718279416
25,1,birthmarks/experiment2/bzip2_amd64_darwin_clang_28dc2ee7.json,birthmarks/experiment2/bzip2_arm64_linux_go_8a45dfb5.json,649882790167
32,1,birthmarks/experiment2/bzip2_amd64_darwin_clang_28dc2ee7.json,birthmarks/experiment2/bzip2_arm64_windows_rs-pure.exe_70f3ba79.json,1131820328333
47,1,birthmarks/experiment2/bzip2_amd64_darwin_gcc_885ac7de.json,birthmarks/experiment2/bzip2_amd64_windows_msvc.exe_bf6ed930.json,57549971542
49,1,birthmarks/experiment2/bzip2_amd64_darwin_gcc_885ac7de.json,birthmarks/experiment2/bzip2_amd64_windows_rs-sys.exe_e8875bd0.json,1546658401208
64,1,birthmarks/experiment2/bzip2_amd64_darwin_gcc_885ac7de.json,birthmarks/experiment2/bzip2_arm64_windows_msvc.exe_2fc063be.json,141568868333
68,1,birthmarks/experiment2/bzip2_amd64_darwin_go_cd368ba0.json,birthmarks/experiment2/bzip2_amd64_darwin_rs-sys_089b3292.json,2453671748208
89,1,birthmarks/experiment2/bzip2_amd64_darwin_go_cd368ba0.json,birthmarks/experiment2/bzip2_arm64_linux_gcc_96b9e9ad.json,313959692334
92,1,birthmarks/experiment2/bzip2_amd64_darwin_go_cd368ba0.json,birthmarks/experiment2/bzip2_arm64_linux_rs-sys_0cdcf5cb.json,2124319848167
106,1,birthmarks/experiment2/bzip2_amd64_darwin_rs-pure_672b9aab.json,birthmarks/experiment2/bzip2_amd64_linux_tgo_339261c9.json,1866810409375
115,1,birthmarks/experiment2/bzip2_amd64_darwin_rs-pure_672b9aab.json,birthmarks/experiment2/bzip2_arm64_darwin_go_f857338e.json,3523643431167
121,1,birthmarks/experiment2/bzip2_amd64_darwin_rs-pure_672b9aab.json,birthmarks/experiment2/bzip2_arm64_linux_go_8a45dfb5.json,3550921077917
127,1,birthmarks/experiment2/bzip2_amd64_darwin_rs-pure_672b9aab.json,birthmarks/experiment2/bzip2_arm64_windows_msvc.exe_2fc063be.json,758538784792
132,1,birthmarks/experiment2/bzip2_amd64_darwin_rs-sys_089b3292.json,birthmarks/experiment2/bzip2_amd64_linux_gcc_4399a2b9.json,1222904725042
133,1,birthmarks/experiment2/bzip2_amd64_darwin_rs-sys_089b3292.json,birthmarks/experiment2/bzip2_amd64_linux_go_62958439.json,3294307452750
143,1,birthmarks/experiment2/bzip2_amd64_darwin_rs-sys_089b3292.json,birthmarks/experiment2/bzip2_arm64_darwin_clang_48b110af.json,866500648875
146,1,birthmarks/experiment2/bzip2_amd64_darwin_rs-sys_089b3292.json,birthmarks/experiment2/bzip2_arm64_darwin_rs-pure_4270a245.json,7463950484458
159,1,birthmarks/experiment2/bzip2_amd64_darwin_rs-sys_089b3292.json,birthmarks/experiment2/bzip2_arm64_windows_rs-sys.exe_223cea53.json,6954891714042
189,1,birthmarks/experiment2/bzip2_amd64_linux_clang_2430eb37.json,birthmarks/experiment2/bzip2_amd64_linux_gcc_4399a2b9.json,249682019708
191,1,birthmarks/experiment2/bzip2_amd64_linux_clang_2430eb37.json,birthmarks/experiment2/bzip2_amd64_linux_rs-pure_227bfcee.json,2487788169125
213,1,birthmarks/experiment2/bzip2_amd64_linux_clang_2430eb37.json,birthmarks/experiment2/bzip2_arm64_windows_go.exe_f32aecb8.json,643344652000
221,1,birthmarks/experiment2/bzip2_amd64_linux_gcc_4399a2b9.json,birthmarks/experiment2/bzip2_amd64_windows_clang.exe_ac39e1ca.json,485528413875
227,1,birthmarks/experiment2/bzip2_amd64_linux_gcc_4399a2b9.json,birthmarks/experiment2/bzip2_arm64_darwin_clang_48b110af.json,146425284041
229,1,birthmarks/experiment2/bzip2_amd64_linux_gcc_4399a2b9.json,birthmarks/experiment2/bzip2_arm64_darwin_go_f857338e.json,524621491667
237,1,birthmarks/experiment2/bzip2_amd64_linux_gcc_4399a2b9.json,birthmarks/experiment2/bzip2_arm64_linux_rs-sys_0cdcf5cb.json,1148867022292
253,1,birthmarks/experiment2/bzip2_amd64_linux_go_62958439.json,birthmarks/experiment2/bzip2_arm64_darwin_clang_48b110af.json,316544936042
256,1,birthmarks/experiment2/bzip2_amd64_linux_go_62958439.json,birthmarks/experiment2/bzip2_arm64_darwin_rs-pure_4270a245.json,2054803388667
268,1,birthmarks/experiment2/bzip2_amd64_linux_go_62958439.json,birthmarks/experiment2/bzip2_arm64_windows_rs-pure.exe_70f3ba79.json,1760695316750
280,1,birthmarks/experiment2/bzip2_amd64_linux_rs-pure_227bfcee.json,birthmarks/experiment2/bzip2_arm64_darwin_go_f857338e.json,4482106138584
288,1,birthmarks/experiment2/bzip2_amd64_linux_rs-pure_227bfcee.json,birthmarks/experiment2/bzip2_arm64_linux_rs-sys_0cdcf5cb.json,9457599938000
307,1,birthmarks/experiment2/bzip2_amd64_linux_rs-sys_90d77d68.json,birthmarks/experiment2/bzip2_arm64_darwin_tgo_91b83a84.json,4788679855667
315,1,birthmarks/experiment2/bzip2_amd64_linux_rs-sys_90d77d68.json,birthmarks/experiment2/bzip2_arm64_windows_go.exe_f32aecb8.json,4879836881167
328,1,birthmarks/experiment2/bzip2_amd64_linux_tgo_339261c9.json,birthmarks/experiment2/bzip2_arm64_darwin_rs-pure_4270a245.json,2258660307459
337,1,birthmarks/experiment2/bzip2_amd64_linux_tgo_339261c9.json,birthmarks/experiment2/bzip2_arm64_windows_clang.exe_bbfd25d7.json,520858456375
341,1,birthmarks/experiment2/bzip2_amd64_linux_tgo_339261c9.json,birthmarks/experiment2/bzip2_arm64_windows_rs-sys.exe_223cea53.json,1931418048125
354,1,birthmarks/experiment2/bzip2_amd64_windows_clang.exe_ac39e1ca.json,birthmarks/experiment2/bzip2_arm64_linux_gcc_96b9e9ad.json,266914419042
356,1,birthmarks/experiment2/bzip2_amd64_windows_clang.exe_ac39e1ca.json,birthmarks/experiment2/bzip2_arm64_linux_rs-pure_434c6cad.json,1907878659750
392,1,birthmarks/experiment2/bzip2_amd64_windows_go.exe_475848bc.json,birthmarks/experiment2/bzip2_arm64_darwin_rs-sys_26360764.json,2912321588709
418,1,birthmarks/experiment2/bzip2_amd64_windows_msvc.exe_bf6ed930.json,birthmarks/experiment2/bzip2_arm64_linux_tgo_5485493c.json,92694130917
424,1,birthmarks/experiment2/bzip2_amd64_windows_rs-pure.exe_0f1bb339.json,birthmarks/experiment2/bzip2_amd64_windows_rs-sys.exe_e8875bd0.json,6580864183584
450,1,birthmarks/experiment2/bzip2_amd64_windows_rs-sys.exe_e8875bd0.json,birthmarks/experiment2/bzip2_arm64_linux_go_8a45dfb5.json,3692490139208
461,1,birthmarks/experiment2/bzip2_arm64_darwin_clang_48b110af.json,birthmarks/experiment2/bzip2_arm64_darwin_rs-pure_4270a245.json,729598858542
463,1,birthmarks/experiment2/bzip2_arm64_darwin_clang_48b110af.json,birthmarks/experiment2/bzip2_arm64_darwin_tgo_91b83a84.json,344215921666
468,1,birthmarks/experiment2/bzip2_arm64_darwin_clang_48b110af.json,birthmarks/experiment2/bzip2_arm64_linux_rs-sys_0cdcf5cb.json,805391599208
475,1,birthmarks/experiment2/bzip2_arm64_darwin_gcc_87a53fd3.json,birthmarks/experiment2/bzip2_arm64_darwin_go_f857338e.json,379592798708
478,1,birthmarks/experiment2/bzip2_arm64_darwin_gcc_87a53fd3.json,birthmarks/experiment2/bzip2_arm64_darwin_tgo_91b83a84.json,377234100791
484,1,birthmarks/experiment2/bzip2_arm64_darwin_gcc_87a53fd3.json,birthmarks/experiment2/bzip2_arm64_linux_tgo_5485493c.json,386778852292
490,1,birthmarks/experiment2/bzip2_arm64_darwin_go_f857338e.json,birthmarks/experiment2/bzip2_arm64_darwin_rs-pure_4270a245.json,2998456505625
507,1,birthmarks/experiment2/bzip2_arm64_darwin_rs-pure_4270a245.json,birthmarks/experiment2/bzip2_arm64_linux_gcc_96b9e9ad.json,929124139500
512,1,birthmarks/experiment2/bzip2_arm64_darwin_rs-pure_4270a245.json,birthmarks/experiment2/bzip2_arm64_windows_clang.exe_bbfd25d7.json,1485220370208
516,1,birthmarks/experiment2/bzip2_arm64_darwin_rs-pure_4270a245.json,birthmarks/experiment2/bzip2_arm64_windows_rs-sys.exe_223cea53.json,5597693343917
535,1,birthmarks/experiment2/bzip2_arm64_darwin_tgo_91b83a84.json,birthmarks/experiment2/bzip2_arm64_windows_clang.exe_bbfd25d7.json,680306066625
536,1,birthmarks/experiment2/bzip2_arm64_darwin_tgo_91b83a84.json,birthmarks/experiment2/bzip2_arm64_windows_go.exe_f32aecb8.json,1361843346667
544,1,birthmarks/experiment2/bzip2_arm64_linux_clang_1ab795bb.json,birthmarks/experiment2/bzip2_arm64_linux_tgo_5485493c.json,227689917875
545,1,birthmarks/experiment2/bzip2_arm64_linux_clang_1ab795bb.json,birthmarks/experiment2/bzip2_arm64_windows_clang.exe_bbfd25d7.json,112208365500
546,1,birthmarks/experiment2/bzip2_arm64_linux_clang_1ab795bb.json,birthmarks/experiment2/bzip2_arm64_windows_go.exe_f32aecb8.json,224756782583
550,1,birthmarks/experiment2/bzip2_arm64_linux_gcc_96b9e9ad.json,birthmarks/experiment2/bzip2_arm64_linux_go_8a45dfb5.json,493933411500
555,1,birthmarks/experiment2/bzip2_arm64_linux_gcc_96b9e9ad.json,birthmarks/experiment2/bzip2_arm64_windows_go.exe_f32aecb8.json,470418467792
560,1,birthmarks/experiment2/bzip2_arm64_linux_go_8a45dfb5.json,birthmarks/experiment2/bzip2_arm64_linux_rs-sys_0cdcf5cb.json,3422190800541
577,1,birthmarks/experiment2/bzip2_arm64_linux_rs-sys_0cdcf5cb.json,birthmarks/experiment2/bzip2_arm64_windows_msvc.exe_2fc063be.json,739172127041
580,1,birthmarks/experiment2/bzip2_arm64_linux_tgo_5485493c.json,birthmarks/experiment2/bzip2_arm64_windows_clang.exe_bbfd25d7.json,700681203542
583,1,birthmarks/experiment2/bzip2_arm64_linux_tgo_5485493c.json,birthmarks/experiment2/bzip2_arm64_windows_rs-pure.exe_70f3ba79.json,2628157330000
592,1,birthmarks/experiment2/bzip2_arm64_windows_msvc.exe_2fc063be.json,birthmarks/experiment2/bzip2_arm64_windows_rs-pure.exe_70f3ba79.json,617108715875
598,1,birthmarks/experiment2/bzip2_amd64_darwin_rs-pure_672b9aab.json,birthmarks/experiment2/bzip2_amd64_darwin_rs-pure_672b9aab.json,7407066447917
624,1,birthmarks/experiment2/bzip2_arm64_linux_tgo_5485493c.json,birthmarks/experiment2/bzip2_arm64_linux_tgo_5485493c.json,1127669924750
628,1,birthmarks/experiment2/bzip2_arm64_windows_rs-pure.exe_70f3ba79.json,birthmarks/experiment2/bzip2_arm64_windows_rs-pure.exe_70f3ba79.json,2837488600083
8,1,birthmarks/experiment2/bzip2_amd64_darwin_clang_28dc2ee7.json,birthmarks/experiment2/bzip2_amd64_linux_rs-pure_227bfcee.json,2287111427791
36,1,birthmarks/experiment2/bzip2_amd64_darwin_gcc_885ac7de.json,birthmarks/experiment2/bzip2_amd64_darwin_rs-sys_089b3292.json,1539388717584
56,1,birthmarks/experiment2/bzip2_amd64_darwin_gcc_885ac7de.json,birthmarks/experiment2/bzip2_arm64_linux_clang_1ab795bb.json,99437178750
58,1,birthmarks/experiment2/bzip2_amd64_darwin_gcc_885ac7de.json,birthmarks/experiment2/bzip2_arm64_linux_go_8a45dfb5.json,661546639208
62,1,birthmarks/experiment2/bzip2_amd64_darwin_gcc_885ac7de.json,birthmarks/experiment2/bzip2_arm64_windows_clang.exe_bbfd25d7.json,343839044083
66,1,birthmarks/experiment2/bzip2_amd64_darwin_gcc_885ac7de.json,birthmarks/experiment2/bzip2_arm64_windows_rs-sys.exe_223cea53.json,1260502024833
80,1,birthmarks/experiment2/bzip2_amd64_darwin_go_cd368ba0.json,birthmarks/experiment2/bzip2_amd64_windows_rs-pure.exe_0f1bb339.json,2188550281583
94,1,birthmarks/experiment2/bzip2_amd64_darwin_go_cd368ba0.json,birthmarks/experiment2/bzip2_arm64_windows_clang.exe_bbfd25d7.json,513491833208
100,1,birthmarks/experiment2/bzip2_amd64_darwin_rs-pure_672b9aab.json,birthmarks/experiment2/bzip2_amd64_darwin_tgo_e9ce53c1.json,2352132747750
113,1,birthmarks/experiment2/bzip2_amd64_darwin_rs-pure_672b9aab.json,birthmarks/experiment2/bzip2_arm64_darwin_clang_48b110af.json,603456527459
116,1,birthmarks/experiment2/bzip2_amd64_darwin_rs-pure_672b9aab.json,birthmarks/experiment2/bzip2_arm64_darwin_rs-pure_4270a245.json,6998229401583
128,1,birthmarks/experiment2/bzip2_amd64_darwin_rs-pure_672b9aab.json,birthmarks/experiment2/bzip2_arm64_windows_rs-pure.exe_70f3ba79.json,6297622857375
147,1,birthmarks/experiment2/bzip2_amd64_darwin_rs-sys_089b3292.json,birthmarks/experiment2/bzip2_arm64_darwin_rs-sys_26360764.json,7803411816833
160,1,birthmarks/experiment2/bzip2_amd64_darwin_tgo_e9ce53c1.json,birthmarks/experiment2/bzip2_amd64_linux_clang_2430eb37.json,646497846500
164,1,birthmarks/experiment2/bzip2_amd64_darwin_tgo_e9ce53c1.json,birthmarks/experiment2/bzip2_amd64_linux_rs-sys_90d77d68.json,5466204708167
186,1,birthmarks/experiment2/bzip2_amd64_darwin_tgo_e9ce53c1.json,birthmarks/experiment2/bzip2_arm64_windows_msvc.exe_2fc063be.json,318116194708
188,1,birthmarks/experiment2/bzip2_amd64_darwin_tgo_e9ce53c1.json,birthmarks/experiment2/bzip2_arm64_windows_rs-sys.exe_223cea53.json,2776035140833
211,1,birthmarks/experiment2/bzip2_amd64_linux_clang_2430eb37.json,birthmarks/experiment2/bzip2_arm64_linux_tgo_5485493c.json,686787991792
222,1,birthmarks/experiment2/bzip2_amd64_linux_gcc_4399a2b9.json,birthmarks/experiment2/bzip2_amd64_windows_gcc.exe_6c63c1e7.json,46668610959
223,1,birthmarks/experiment2/bzip2_amd64_linux_gcc_4399a2b9.json,birthmarks/experiment2/bzip2_amd64_windows_go.exe_475848bc.json,734519694875
233,1,birthmarks/experiment2/bzip2_amd64_linux_gcc_4399a2b9.json,birthmarks/experiment2/bzip2_arm64_linux_clang_1ab795bb.json,85536566250
235,1,birthmarks/experiment2/bzip2_amd64_linux_gcc_4399a2b9.json,birthmarks/experiment2/bzip2_arm64_linux_go_8a45dfb5.json,533458242625
240,1,birthmarks/experiment2/bzip2_amd64_linux_gcc_4399a2b9.json,birthmarks/experiment2/bzip2_arm64_windows_go.exe_f32aecb8.json,505354041542
249,1,birthmarks/experiment2/bzip2_amd64_linux_go_62958439.json,birthmarks/experiment2/bzip2_amd64_windows_go.exe_475848bc.json,1747972046792
262,1,birthmarks/experiment2/bzip2_amd64_linux_go_62958439.json,birthmarks/experiment2/bzip2_arm64_linux_rs-pure_434c6cad.json,1989542677625
275,1,birthmarks/experiment2/bzip2_amd64_linux_rs-pure_227bfcee.json,birthmarks/experiment2/bzip2_amd64_windows_msvc.exe_bf6ed930.json,310089633708
279,1,birthmarks/experiment2/bzip2_amd64_linux_rs-pure_227bfcee.json,birthmarks/experiment2/bzip2_arm64_darwin_gcc_87a53fd3.json,919852523333
283,1,birthmarks/experiment2/bzip2_amd64_linux_rs-pure_227bfcee.json,birthmarks/experiment2/bzip2_arm64_darwin_tgo_91b83a84.json,4356920148625
290,1,birthmarks/experiment2/bzip2_amd64_linux_rs-pure_227bfcee.json,birthmarks/experiment2/bzip2_arm64_windows_clang.exe_bbfd25d7.json,2006822118958
291,1,birthmarks/experiment2/bzip2_amd64_linux_rs-pure_227bfcee.json,birthmarks/experiment2/bzip2_arm64_windows_go.exe_f32aecb8.json,4202049172958
301,1,birthmarks/experiment2/bzip2_amd64_linux_rs-sys_90d77d68.json,birthmarks/experiment2/bzip2_amd64_windows_rs-sys.exe_e8875bd0.json,11613906904791
324,1,birthmarks/experiment2/bzip2_amd64_linux_tgo_339261c9.json,birthmarks/experiment2/bzip2_amd64_windows_rs-sys.exe_e8875bd0.json,2514895888667
335,1,birthmarks/experiment2/bzip2_amd64_linux_tgo_339261c9.json,birthmarks/experiment2/bzip2_arm64_linux_rs-sys_0cdcf5cb.json,2458404636750
349,1,birthmarks/experiment2/bzip2_amd64_windows_clang.exe_ac39e1ca.json,birthmarks/experiment2/bzip2_arm64_darwin_go_f857338e.json,1011004156875
357,1,birthmarks/experiment2/bzip2_amd64_windows_clang.exe_ac39e1ca.json,birthmarks/experiment2/bzip2_arm64_linux_rs-sys_0cdcf5cb.json,1998208547084
395,1,birthmarks/experiment2/bzip2_amd64_windows_go.exe_475848bc.json,birthmarks/experiment2/bzip2_arm64_linux_gcc_96b9e9ad.json,426293369166
397,1,birthmarks/experiment2/bzip2_amd64_windows_go.exe_475848bc.json,birthmarks/experiment2/bzip2_arm64_linux_rs-pure_434c6cad.json,3020672344250
430,1,birthmarks/experiment2/bzip2_amd64_windows_rs-pure.exe_0f1bb339.json,birthmarks/experiment2/bzip2_arm64_darwin_tgo_91b83a84.json,2730574452084
440,1,birthmarks/experiment2/bzip2_amd64_windows_rs-pure.exe_0f1bb339.json,birthmarks/experiment2/bzip2_arm64_windows_rs-pure.exe_70f3ba79.json,5293175107917
455,1,birthmarks/experiment2/bzip2_amd64_windows_rs-sys.exe_e8875bd0.json,birthmarks/experiment2/bzip2_arm64_windows_go.exe_f32aecb8.json,3547808032083
476,1,birthmarks/experiment2/bzip2_arm64_darwin_gcc_87a53fd3.json,birthmarks/experiment2/bzip2_arm64_darwin_rs-pure_4270a245.json,787220456166
485,1,birthmarks/experiment2/bzip2_arm64_darwin_gcc_87a53fd3.json,birthmarks/experiment2/bzip2_arm64_windows_clang.exe_bbfd25d7.json,192063992125
486,1,birthmarks/experiment2/bzip2_arm64_darwin_gcc_87a53fd3.json,birthmarks/experiment2/bzip2_arm64_windows_go.exe_f32aecb8.json,382640751917
491,1,birthmarks/experiment2/bzip2_arm64_darwin_go_f857338e.json,birthmarks/experiment2/bzip2_arm64_darwin_rs-sys_26360764.json,3122814750708
509,1,birthmarks/experiment2/bzip2_arm64_darwin_rs-pure_4270a245.json,birthmarks/experiment2/bzip2_arm64_linux_rs-pure_434c6cad.json,6527357384250
527,1,birthmarks/experiment2/bzip2_arm64_darwin_rs-sys_26360764.json,birthmarks/experiment2/bzip2_arm64_windows_rs-pure.exe_70f3ba79.json,5824132759875
569,1,birthmarks/experiment2/bzip2_arm64_linux_rs-pure_434c6cad.json,birthmarks/experiment2/bzip2_arm64_windows_clang.exe_bbfd25d7.json,1580296333750
574,1,birthmarks/experiment2/bzip2_arm64_linux_rs-sys_0cdcf5cb.json,birthmarks/experiment2/bzip2_arm64_linux_tgo_5485493c.json,3193025857417
585,1,birthmarks/experiment2/bzip2_arm64_windows_clang.exe_bbfd25d7.json,birthmarks/experiment2/bzip2_arm64_windows_go.exe_f32aecb8.json,757402870709
588,1,birthmarks/experiment2/bzip2_arm64_windows_clang.exe_bbfd25d7.json,birthmarks/experiment2/bzip2_arm64_windows_rs-sys.exe_223cea53.json,1388833443375
596,1,birthmarks/experiment2/bzip2_amd64_darwin_gcc_885ac7de.json,birthmarks/experiment2/bzip2_amd64_darwin_gcc_885ac7de.json,509156353667
601,1,birthmarks/experiment2/bzip2_amd64_linux_clang_2430eb37.json,birthmarks/experiment2/bzip2_amd64_linux_clang_2430eb37.json,282206519584
602,1,birthmarks/experiment2/bzip2_amd64_linux_gcc_4399a2b9.json,birthmarks/experiment2/bzip2_amd64_linux_gcc_4399a2b9.json,174088527291
603,1,birthmarks/experiment2/bzip2_amd64_linux_go_62958439.json,birthmarks/experiment2/bzip2_amd64_linux_go_62958439.json,1249081598334
610,1,birthmarks/experiment2/bzip2_amd64_windows_msvc.exe_bf6ed930.json,birthmarks/experiment2/bzip2_amd64_windows_msvc.exe_bf6ed930.json,14191772000
611,1,birthmarks/experiment2/bzip2_amd64_windows_rs-pure.exe_0f1bb339.json,birthmarks/experiment2/bzip2_amd64_windows_rs-pure.exe_0f1bb339.json,6570768424250
5,1,birthmarks/experiment2/bzip2_amd64_darwin_clang_28dc2ee7.json,birthmarks/experiment2/bzip2_amd64_linux_clang_2430eb37.json,246387788916
11,1,birthmarks/experiment2/bzip2_amd64_darwin_clang_28dc2ee7.json,birthmarks/experiment2/bzip2_amd64_windows_clang.exe_ac39e1ca.json,590623279167
20,1,birthmarks/experiment2/bzip2_amd64_darwin_clang_28dc2ee7.json,birthmarks/experiment2/bzip2_arm64_darwin_rs-pure_4270a245.json,1245016119916
31,1,birthmarks/experiment2/bzip2_amd64_darwin_clang_28dc2ee7.json,birthmarks/experiment2/bzip2_arm64_windows_msvc.exe_2fc063be.json,130471394000
34,1,birthmarks/experiment2/bzip2_amd64_darwin_gcc_885ac7de.json,birthmarks/experiment2/bzip2_amd64_darwin_go_cd368ba0.json,486642043292
40,1,birthmarks/experiment2/bzip2_amd64_darwin_gcc_885ac7de.json,birthmarks/experiment2/bzip2_amd64_linux_go_62958439.json,541140069792
48,1,birthmarks/experiment2/bzip2_amd64_darwin_gcc_885ac7de.json,birthmarks/experiment2/bzip2_amd64_windows_rs-pure.exe_0f1bb339.json,1461866123917
63,1,birthmarks/experiment2/bzip2_amd64_darwin_gcc_885ac7de.json,birthmarks/experiment2/bzip2_arm64_windows_go.exe_f32aecb8.json,687816001833
72,1,birthmarks/experiment2/bzip2_amd64_darwin_go_cd368ba0.json,birthmarks/experiment2/bzip2_amd64_linux_go_62958439.json,913417658125
82,1,birthmarks/experiment2/bzip2_amd64_darwin_go_cd368ba0.json,birthmarks/experiment2/bzip2_arm64_darwin_clang_48b110af.json,238084471041
85,1,birthmarks/experiment2/bzip2_amd64_darwin_go_cd368ba0.json,birthmarks/experiment2/bzip2_arm64_darwin_rs-pure_4270a245.json,1959289264208
95,1,birthmarks/experiment2/bzip2_amd64_darwin_go_cd368ba0.json,birthmarks/experiment2/bzip2_arm64_windows_go.exe_f32aecb8.json,961654321667
104,1,birthmarks/experiment2/bzip2_amd64_darwin_rs-pure_672b9aab.json,birthmarks/experiment2/bzip2_amd64_linux_rs-pure_227bfcee.json,11537006158167
134,1,birthmarks/experiment2/bzip2_amd64_darwin_rs-sys_089b3292.json,birthmarks/experiment2/bzip2_amd64_linux_rs-pure_227bfcee.json,13417817203042
166,1,birthmarks/experiment2/bzip2_amd64_darwin_tgo_e9ce53c1.json,birthmarks/experiment2/bzip2_amd64_windows_clang.exe_ac39e1ca.json,1231521505625
173,1,birthmarks/experiment2/bzip2_amd64_darwin_tgo_e9ce53c1.json,birthmarks/experiment2/bzip2_arm64_darwin_gcc_87a53fd3.json,393205928125
175,1,birthmarks/experiment2/bzip2_amd64_darwin_tgo_e9ce53c1.json,birthmarks/experiment2/bzip2_arm64_darwin_rs-pure_4270a245.json,2979503525416
185,1,birthmarks/experiment2/bzip2_amd64_darwin_tgo_e9ce53c1.json,birthmarks/experiment2/bzip2_arm64_windows_go.exe_f32aecb8.json,1429405785500
199,1,birthmarks/experiment2/bzip2_amd64_linux_clang_2430eb37.json,birthmarks/experiment2/bzip2_amd64_windows_rs-sys.exe_e8875bd0.json,1597469365917
210,1,birthmarks/experiment2/bzip2_amd64_linux_clang_2430eb37.json,birthmarks/experiment2/bzip2_arm64_linux_rs-sys_0cdcf5cb.json,1488916819458
230,1,birthmarks/experiment2/bzip2_amd64_linux_gcc_4399a2b9.json,birthmarks/experiment2/bzip2_arm64_darwin_rs-pure_4270a245.json,1055219292458
245,1,birthmarks/experiment2/bzip2_amd64_linux_go_62958439.json,birthmarks/experiment2/bzip2_amd64_linux_rs-sys_90d77d68.json,3938793472500
276,1,birthmarks/experiment2/bzip2_amd64_linux_rs-pure_227bfcee.json,birthmarks/experiment2/bzip2_amd64_windows_rs-pure.exe_0f1bb339.json,9528990517541
294,1,birthmarks/experiment2/bzip2_amd64_linux_rs-pure_227bfcee.json,birthmarks/experiment2/bzip2_arm64_windows_rs-sys.exe_223cea53.json,8085884347167
313,1,birthmarks/experiment2/bzip2_amd64_linux_rs-sys_90d77d68.json,birthmarks/experiment2/bzip2_arm64_linux_tgo_5485493c.json,5199473637084
320,1,birthmarks/experiment2/bzip2_amd64_linux_tgo_339261c9.json,birthmarks/experiment2/bzip2_amd64_windows_gcc.exe_6c63c1e7.json,69290071583
321,1,birthmarks/experiment2/bzip2_amd64_linux_tgo_339261c9.json,birthmarks/experiment2/bzip2_amd64_windows_go.exe_475848bc.json,1202309999208
325,1,birthmarks/experiment2/bzip2_amd64_linux_tgo_339261c9.json,birthmarks/experiment2/bzip2_arm64_darwin_clang_48b110af.json,236146028834
327,1,birthmarks/experiment2/bzip2_amd64_linux_tgo_339261c9.json,birthmarks/experiment2/bzip2_arm64_darwin_go_f857338e.json,1017850870417
331,1,birthmarks/experiment2/bzip2_amd64_linux_tgo_339261c9.json,birthmarks/experiment2/bzip2_arm64_linux_clang_1ab795bb.json,175676410125
333,1,birthmarks/experiment2/bzip2_amd64_linux_tgo_339261c9.json,birthmarks/experiment2/bzip2_arm64_linux_go_8a45dfb5.json,1162538957875
338,1,birthmarks/experiment2/bzip2_amd64_linux_tgo_339261c9.json,birthmarks/experiment2/bzip2_arm64_windows_go.exe_f32aecb8.json,1009188665916
345,1,birthmarks/experiment2/bzip2_amd64_windows_clang.exe_ac39e1ca.json,birthmarks/experiment2/bzip2_amd64_windows_rs-pure.exe_0f1bb339.json,2211999774208
359,1,birthmarks/experiment2/bzip2_amd64_windows_clang.exe_ac39e1ca.json,birthmarks/experiment2/bzip2_arm64_windows_clang.exe_bbfd25d7.json,470256968333
364,1,birthmarks/experiment2/bzip2_amd64_windows_gcc.exe_6c63c1e7.json,birthmarks/experiment2/bzip2_amd64_windows_go.exe_475848bc.json,144412831667
368,1,birthmarks/experiment2/bzip2_amd64_windows_gcc.exe_6c63c1e7.json,birthmarks/experiment2/bzip2_arm64_darwin_clang_48b110af.json,19657343500
369,1,birthmarks/experiment2/bzip2_amd64_windows_gcc.exe_6c63c1e7.json,birthmarks/experiment2/bzip2_arm64_darwin_gcc_87a53fd3.json,20432361959
370,1,birthmarks/experiment2/bzip2_amd64_windows_gcc.exe_6c63c1e7.json,birthmarks/experiment2/bzip2_arm64_darwin_go_f857338e.json,79171398875
373,1,birthmarks/experiment2/bzip2_amd64_windows_gcc.exe_6c63c1e7.json,birthmarks/experiment2/bzip2_arm64_darwin_tgo_91b83a84.json,89392031750
378,1,birthmarks/experiment2/bzip2_amd64_windows_gcc.exe_6c63c1e7.json,birthmarks/experiment2/bzip2_arm64_linux_rs-sys_0cdcf5cb.json,202507272583
388,1,birthmarks/experiment2/bzip2_amd64_windows_go.exe_475848bc.json,birthmarks/experiment2/bzip2_arm64_darwin_clang_48b110af.json,348955866833
393,1,birthmarks/experiment2/bzip2_amd64_windows_go.exe_475848bc.json,birthmarks/experiment2/bzip2_arm64_darwin_tgo_91b83a84.json,1260294544083
401,1,birthmarks/experiment2/bzip2_amd64_windows_go.exe_475848bc.json,birthmarks/experiment2/bzip2_arm64_windows_go.exe_f32aecb8.json,1354776734083
411,1,birthmarks/experiment2/bzip2_amd64_windows_msvc.exe_bf6ed930.json,birthmarks/experiment2/bzip2_arm64_darwin_rs-sys_26360764.json,212646717041
420,1,birthmarks/experiment2/bzip2_amd64_windows_msvc.exe_bf6ed930.json,birthmarks/experiment2/bzip2_arm64_windows_go.exe_f32aecb8.json,96903823584
425,1,birthmarks/experiment2/bzip2_amd64_windows_rs-pure.exe_0f1bb339.json,birthmarks/experiment2/bzip2_arm64_darwin_clang_48b110af.json,611242135417
431,1,birthmarks/experiment2/bzip2_amd64_windows_rs-pure.exe_0f1bb339.json,birthmarks/experiment2/bzip2_arm64_linux_clang_1ab795bb.json,408233858083
434,1,birthmarks/experiment2/bzip2_amd64_windows_rs-pure.exe_0f1bb339.json,birthmarks/experiment2/bzip2_arm64_linux_rs-pure_434c6cad.json,6100190218000
451,1,birthmarks/experiment2/bzip2_amd64_windows_rs-sys.exe_e8875bd0.json,birthmarks/experiment2/bzip2_arm64_linux_rs-pure_434c6cad.json,7706763671708
498,1,birthmarks/experiment2/bzip2_arm64_darwin_go_f857338e.json,birthmarks/experiment2/bzip2_arm64_linux_tgo_5485493c.json,1355889151458
505,1,birthmarks/experiment2/bzip2_arm64_darwin_rs-pure_4270a245.json,birthmarks/experiment2/bzip2_arm64_darwin_tgo_91b83a84.json,2742184203250
517,1,birthmarks/experiment2/bzip2_arm64_darwin_rs-sys_26360764.json,birthmarks/experiment2/bzip2_arm64_darwin_tgo_91b83a84.json,2910781315500
524,1,birthmarks/experiment2/bzip2_arm64_darwin_rs-sys_26360764.json,birthmarks/experiment2/bzip2_arm64_windows_clang.exe_bbfd25d7.json,1569194623250
528,1,birthmarks/experiment2/bzip2_arm64_darwin_rs-sys_26360764.json,birthmarks/experiment2/bzip2_arm64_windows_rs-sys.exe_223cea53.json,5880117577958
570,1,birthmarks/experiment2/bzip2_arm64_linux_rs-pure_434c6cad.json,birthmarks/experiment2/bzip2_arm64_windows_go.exe_f32aecb8.json,3155925256125
581,1,birthmarks/experiment2/bzip2_arm64_linux_tgo_5485493c.json,birthmarks/experiment2/bzip2_arm64_windows_go.exe_f32aecb8.json,1404321804125
586,1,birthmarks/experiment2/bzip2_arm64_windows_clang.exe_bbfd25d7.json,birthmarks/experiment2/bzip2_arm64_windows_msvc.exe_2fc063be.json,173213915459
587,1,birthmarks/experiment2/bzip2_arm64_windows_clang.exe_bbfd25d7.json,birthmarks/experiment2/bzip2_arm64_windows_rs-pure.exe_70f3ba79.json,1377080165583
591,1,birthmarks/experiment2/bzip2_arm64_windows_go.exe_f32aecb8.json,birthmarks/experiment2/bzip2_arm64_windows_rs-sys.exe_223cea53.json,2809326150750
612,1,birthmarks/experiment2/bzip2_amd64_windows_rs-sys.exe_e8875bd0.json,birthmarks/experiment2/bzip2_amd64_windows_rs-sys.exe_e8875bd0.json,7139156398667
4,1,birthmarks/experiment2/bzip2_amd64_darwin_clang_28dc2ee7.json,birthmarks/experiment2/bzip2_amd64_darwin_tgo_e9ce53c1.json,566783160709
17,1,birthmarks/experiment2/bzip2_amd64_darwin_clang_28dc2ee7.json,birthmarks/experiment2/bzip2_arm64_darwin_clang_48b110af.json,178673072250
19,1,birthmarks/experiment2/bzip2_amd64_darwin_clang_28dc2ee7.json,birthmarks/experiment2/bzip2_arm64_darwin_go_f857338e.json,581996511333
23,1,birthmarks/experiment2/bzip2_amd64_darwin_clang_28dc2ee7.json,birthmarks/experiment2/bzip2_arm64_linux_clang_1ab795bb.json,95075405500
24,1,birthmarks/experiment2/bzip2_amd64_darwin_clang_28dc2ee7.json,birthmarks/experiment2/bzip2_arm64_linux_gcc_96b9e9ad.json,222636780916
27,1,birthmarks/experiment2/bzip2_amd64_darwin_clang_28dc2ee7.json,birthmarks/experiment2/bzip2_arm64_linux_rs-sys_0cdcf5cb.json,1384606432167
45,1,birthmarks/experiment2/bzip2_amd64_darwin_gcc_885ac7de.json,birthmarks/experiment2/bzip2_amd64_windows_gcc.exe_6c63c1e7.json,55880815917
46,1,birthmarks/experiment2/bzip2_amd64_darwin_gcc_885ac7de.json,birthmarks/experiment2/bzip2_amd64_windows_go.exe_475848bc.json,809660770625
57,1,birthmarks/experiment2/bzip2_amd64_darwin_gcc_885ac7de.json,birthmarks/experiment2/bzip2_arm64_linux_gcc_96b9e9ad.json,217608716459
60,1,birthmarks/experiment2/bzip2_amd64_darwin_gcc_885ac7de.json,birthmarks/experiment2/bzip2_arm64_linux_rs-sys_0cdcf5cb.json,1532115971917
75,1,birthmarks/experiment2/bzip2_amd64_darwin_go_cd368ba0.json,birthmarks/experiment2/bzip2_amd64_linux_tgo_339261c9.json,765569673416
83,1,birthmarks/experiment2/bzip2_amd64_darwin_go_cd368ba0.json,birthmarks/experiment2/bzip2_arm64_darwin_gcc_87a53fd3.json,249387171000
86,1,birthmarks/experiment2/bzip2_amd64_darwin_go_cd368ba0.json,birthmarks/experiment2/bzip2_arm64_darwin_rs-sys_26360764.json,2060396410125
98,1,birthmarks/experiment2/bzip2_amd64_darwin_go_cd368ba0.json,birthmarks/experiment2/bzip2_arm64_windows_rs-sys.exe_223cea53.json,1769974927708
111,1,birthmarks/experiment2/bzip2_amd64_darwin_rs-pure_672b9aab.json,birthmarks/experiment2/bzip2_amd64_windows_rs-pure.exe_0f1bb339.json,7066216612959
125,1,birthmarks/experiment2/bzip2_amd64_darwin_rs-pure_672b9aab.json,birthmarks/experiment2/bzip2_arm64_windows_clang.exe_bbfd25d7.json,1695374169833
130,1,birthmarks/experiment2/bzip2_amd64_darwin_rs-sys_089b3292.json,birthmarks/experiment2/bzip2_amd64_darwin_tgo_e9ce53c1.json,3501624243459
139,1,birthmarks/experiment2/bzip2_amd64_darwin_rs-sys_089b3292.json,birthmarks/experiment2/bzip2_amd64_windows_go.exe_475848bc.json,4763887888375
152,1,birthmarks/experiment2/bzip2_amd64_darwin_rs-sys_089b3292.json,birthmarks/experiment2/bzip2_arm64_linux_rs-pure_434c6cad.json,7968244310167
172,1,birthmarks/experiment2/bzip2_amd64_darwin_tgo_e9ce53c1.json,birthmarks/experiment2/bzip2_arm64_darwin_clang_48b110af.json,366295486500
174,1,birthmarks/experiment2/bzip2_amd64_darwin_tgo_e9ce53c1.json,birthmarks/experiment2/bzip2_arm64_darwin_go_f857338e.json,1449039541583
178,1,birthmarks/experiment2/bzip2_amd64_darwin_tgo_e9ce53c1.json,birthmarks/experiment2/bzip2_arm64_linux_clang_1ab795bb.json,228005834500
179,1,birthmarks/experiment2/bzip2_amd64_darwin_tgo_e9ce53c1.json,birthmarks/experiment2/bzip2_arm64_linux_gcc_96b9e9ad.json,517162350833
180,1,birthmarks/experiment2/bzip2_amd64_darwin_tgo_e9ce53c1.json,birthmarks/experiment2/bzip2_arm64_linux_go_8a45dfb5.json,1480570884167
190,1,birthmarks/experiment2/bzip2_amd64_linux_clang_2430eb37.json,birthmarks/experiment2/bzip2_amd64_linux_go_62958439.json,562567110208
194,1,birthmarks/experiment2/bzip2_amd64_linux_clang_2430eb37.json,birthmarks/experiment2/bzip2_amd64_windows_clang.exe_ac39e1ca.json,578004182334
200,1,birthmarks/experiment2/bzip2_amd64_linux_clang_2430eb37.json,birthmarks/experiment2/bzip2_arm64_darwin_clang_48b110af.json,167140794250
201,1,birthmarks/experiment2/bzip2_amd64_linux_clang_2430eb37.json,birthmarks/experiment2/bzip2_arm64_darwin_gcc_87a53fd3.json,191485304875
202,1,birthmarks/experiment2/bzip2_amd64_linux_clang_2430eb37.json,birthmarks/experiment2/bzip2_arm64_darwin_go_f857338e.json,639062491583
205,1,birthmarks/experiment2/bzip2_amd64_linux_clang_2430eb37.json,birthmarks/experiment2/bzip2_arm64_darwin_tgo_91b83a84.json,666325539041
216,1,birthmarks/experiment2/bzip2_amd64_linux_clang_2430eb37.json,birthmarks/experiment2/bzip2_arm64_windows_rs-sys.exe_223cea53.json,1229983001083
234,1,birthmarks/experiment2/bzip2_amd64_linux_gcc_4399a2b9.json,birthmarks/experiment2/bzip2_arm64_linux_gcc_96b9e9ad.json,181041284792
236,1,birthmarks/experiment2/bzip2_amd64_linux_gcc_4399a2b9.json,birthmarks/experiment2/bzip2_arm64_linux_rs-pure_434c6cad.json,1117025311500
252,1,birthmarks/experiment2/bzip2_amd64_linux_go_62958439.json,birthmarks/experiment2/bzip2_amd64_windows_rs-sys.exe_e8875bd0.json,2536437712500
267,1,birthmarks/experiment2/bzip2_amd64_linux_go_62958439.json,birthmarks/experiment2/bzip2_arm64_windows_msvc.exe_2fc063be.json,205241462000
270,1,birthmarks/experiment2/bzip2_amd64_linux_rs-pure_227bfcee.json,birthmarks/experiment2/bzip2_amd64_linux_rs-sys_90d77d68.json,15748711765458
308,1,birthmarks/experiment2/bzip2_amd64_linux_rs-sys_90d77d68.json,birthmarks/experiment2/bzip2_arm64_linux_clang_1ab795bb.json,627744482208
309,1,birthmarks/experiment2/bzip2_amd64_linux_rs-sys_90d77d68.json,birthmarks/experiment2/bzip2_arm64_linux_gcc_96b9e9ad.json,1662738504500
312,1,birthmarks/experiment2/bzip2_amd64_linux_rs-sys_90d77d68.json,birthmarks/experiment2/bzip2_arm64_linux_rs-sys_0cdcf5cb.json,11434481209458
350,1,birthmarks/experiment2/bzip2_amd64_windows_clang.exe_ac39e1ca.json,birthmarks/experiment2/bzip2_arm64_darwin_rs-pure_4270a245.json,1886728656333
365,1,birthmarks/experiment2/bzip2_amd64_windows_gcc.exe_6c63c1e7.json,birthmarks/experiment2/bzip2_amd64_windows_msvc.exe_bf6ed930.json,8879385250
366,1,birthmarks/experiment2/bzip2_amd64_windows_gcc.exe_6c63c1e7.json,birthmarks/experiment2/bzip2_amd64_windows_rs-pure.exe_0f1bb339.json,179034023167
374,1,birthmarks/experiment2/bzip2_amd64_windows_gcc.exe_6c63c1e7.json,birthmarks/experiment2/bzip2_arm64_linux_clang_1ab795bb.json,14547931791
375,1,birthmarks/experiment2/bzip2_amd64_windows_gcc.exe_6c63c1e7.json,birthmarks/experiment2/bzip2_arm64_linux_gcc_96b9e9ad.json,28607873042
377,1,birthmarks/experiment2/bzip2_amd64_windows_gcc.exe_6c63c1e7.json,birthmarks/experiment2/bzip2_arm64_linux_rs-pure_434c6cad.json,196826753542
387,1,birthmarks/experiment2/bzip2_amd64_windows_go.exe_475848bc.json,birthmarks/experiment2/bzip2_amd64_windows_rs-sys.exe_e8875bd0.json,3280893397000
421,1,birthmarks/experiment2/bzip2_amd64_windows_msvc.exe_bf6ed930.json,birthmarks/experiment2/bzip2_arm64_windows_msvc.exe_2fc063be.json,21715482791
423,1,birthmarks/experiment2/bzip2_amd64_windows_msvc.exe_bf6ed930.json,birthmarks/experiment2/bzip2_arm64_windows_rs-sys.exe_223cea53.json,197862537708
429,1,birthmarks/experiment2/bzip2_amd64_windows_rs-pure.exe_0f1bb339.json,birthmarks/experiment2/bzip2_arm64_darwin_rs-sys_26360764.json,5806304435042
448,1,birthmarks/experiment2/bzip2_amd64_windows_rs-sys.exe_e8875bd0.json,birthmarks/experiment2/bzip2_arm64_linux_clang_1ab795bb.json,423217178208
449,1,birthmarks/experiment2/bzip2_amd64_windows_rs-sys.exe_e8875bd0.json,birthmarks/experiment2/bzip2_arm64_linux_gcc_96b9e9ad.json,1111213871708
452,1,birthmarks/experiment2/bzip2_amd64_windows_rs-sys.exe_e8875bd0.json,birthmarks/experiment2/bzip2_arm64_linux_rs-sys_0cdcf5cb.json,7937787880167
500,1,birthmarks/experiment2/bzip2_arm64_darwin_go_f857338e.json,birthmarks/experiment2/bzip2_arm64_windows_go.exe_f32aecb8.json,1503620117834
510,1,birthmarks/experiment2/bzip2_arm64_darwin_rs-pure_4270a245.json,birthmarks/experiment2/bzip2_arm64_linux_rs-sys_0cdcf5cb.json,6750155786375
529,1,birthmarks/experiment2/bzip2_arm64_darwin_tgo_91b83a84.json,birthmarks/experiment2/bzip2_arm64_linux_clang_1ab795bb.json,206622709542
532,1,birthmarks/experiment2/bzip2_arm64_darwin_tgo_91b83a84.json,birthmarks/experiment2/bzip2_arm64_linux_rs-pure_434c6cad.json,3007870223500
547,1,birthmarks/experiment2/bzip2_arm64_linux_clang_1ab795bb.json,birthmarks/experiment2/bzip2_arm64_windows_msvc.exe_2fc063be.json,50813707917
549,1,birthmarks/experiment2/bzip2_arm64_linux_clang_1ab795bb.json,birthmarks/experiment2/bzip2_arm64_windows_rs-sys.exe_223cea53.json,420460503375
554,1,birthmarks/experiment2/bzip2_arm64_linux_gcc_96b9e9ad.json,birthmarks/experiment2/bzip2_arm64_windows_clang.exe_bbfd25d7.json,236262293083
556,1,birthmarks/experiment2/bzip2_arm64_linux_gcc_96b9e9ad.json,birthmarks/experiment2/bzip2_arm64_windows_msvc.exe_2fc063be.json,106646397417
557,1,birthmarks/experiment2/bzip2_arm64_linux_gcc_96b9e9ad.json,birthmarks/experiment2/bzip2_arm64_windows_rs-pure.exe_70f3ba79.json,851496921125
565,1,birthmarks/experiment2/bzip2_arm64_linux_go_8a45dfb5.json,birthmarks/experiment2/bzip2_arm64_windows_rs-pure.exe_70f3ba79.json,2784021955417
576,1,birthmarks/experiment2/bzip2_arm64_linux_rs-sys_0cdcf5cb.json,birthmarks/experiment2/bzip2_arm64_windows_go.exe_f32aecb8.json,3310934745417
589,1,birthmarks/experiment2/bzip2_arm64_windows_go.exe_f32aecb8.json,birthmarks/experiment2/bzip2_arm64_windows_msvc.exe_2fc063be.json,342827812750
590,1,birthmarks/experiment2/bzip2_arm64_windows_go.exe_f32aecb8.json,birthmarks/experiment2/bzip2_arm64_windows_rs-pure.exe_70f3ba79.json,2751189322417
606,1,birthmarks/experiment2/bzip2_amd64_linux_tgo_339261c9.json,birthmarks/experiment2/bzip2_amd64_linux_tgo_339261c9.json,942880611417
613,1,birthmarks/experiment2/bzip2_arm64_darwin_clang_48b110af.json,birthmarks/experiment2/bzip2_arm64_darwin_clang_48b110af.json,89442615291
614,1,birthmarks/experiment2/bzip2_arm64_darwin_gcc_87a53fd3.json,birthmarks/experiment2/bzip2_arm64_darwin_gcc_87a53fd3.json,100604286458
616,1,birthmarks/experiment2/bzip2_arm64_darwin_rs-pure_4270a245.json,birthmarks/experiment2/bzip2_arm64_darwin_rs-pure_4270a245.json,5287418991125
625,1,birthmarks/experiment2/bzip2_arm64_windows_clang.exe_bbfd25d7.json,birthmarks/experiment2/bzip2_arm64_windows_clang.exe_bbfd25d7.json,377939737958
627,1,birthmarks/experiment2/bzip2_arm64_windows_msvc.exe_2fc063be.json,birthmarks/experiment2/bzip2_arm64_windows_msvc.exe_2fc063be.json,76176352000
629,1,birthmarks/experiment2/bzip2_arm64_windows_rs-sys.exe_223cea53.json,birthmarks/experiment2/bzip2_arm64_windows_rs-sys.exe_223cea53.json,2853817285625
9,1,birthmarks/experiment2/bzip2_amd64_darwin_clang_28dc2ee7.json,birthmarks/experiment2/bzip2_amd64_linux_rs-sys_90d77d68.json,2329316841000
37,1,birthmarks/experiment2/bzip2_amd64_darwin_gcc_885ac7de.json,birthmarks/experiment2/bzip2_amd64_darwin_tgo_e9ce53c1.json,651919170875
44,1,birthmarks/experiment2/bzip2_amd64_darwin_gcc_885ac7de.json,birthmarks/experiment2/bzip2_amd64_windows_clang.exe_ac39e1ca.json,545053606333
53,1,birthmarks/experiment2/bzip2_amd64_darwin_gcc_885ac7de.json,birthmarks/experiment2/bzip2_arm64_darwin_rs-pure_4270a245.json,1333511345500
65,1,birthmarks/experiment2/bzip2_amd64_darwin_gcc_885ac7de.json,birthmarks/experiment2/bzip2_arm64_windows_rs-pure.exe_70f3ba79.json,1246926976959
79,1,birthmarks/experiment2/bzip2_amd64_darwin_go_cd368ba0.json,birthmarks/experiment2/bzip2_amd64_windows_msvc.exe_bf6ed930.json,99381375708
81,1,birthmarks/experiment2/bzip2_amd64_darwin_go_cd368ba0.json,birthmarks/experiment2/bzip2_amd64_windows_rs-sys.exe_e8875bd0.json,2324890984584
97,1,birthmarks/experiment2/bzip2_amd64_darwin_go_cd368ba0.json,birthmarks/experiment2/bzip2_arm64_windows_rs-pure.exe_70f3ba79.json,1730908563709
109,1,birthmarks/experiment2/bzip2_amd64_darwin_rs-pure_672b9aab.json,birthmarks/experiment2/bzip2_amd64_windows_go.exe_475848bc.json,3779337607625
119,1,birthmarks/experiment2/bzip2_amd64_darwin_rs-pure_672b9aab.json,birthmarks/experiment2/bzip2_arm64_linux_clang_1ab795bb.json,514731968584
120,1,birthmarks/experiment2/bzip2_amd64_darwin_rs-pure_672b9aab.json,birthmarks/experiment2/bzip2_arm64_linux_gcc_96b9e9ad.json,1085229091750
123,1,birthmarks/experiment2/bzip2_amd64_darwin_rs-pure_672b9aab.json,birthmarks/experiment2/bzip2_arm64_linux_rs-sys_0cdcf5cb.json,7691287658333
141,1,birthmarks/experiment2/bzip2_amd64_darwin_rs-sys_089b3292.json,birthmarks/experiment2/bzip2_amd64_windows_rs-pure.exe_0f1bb339.json,8203218472250
156,1,birthmarks/experiment2/bzip2_amd64_darwin_rs-sys_089b3292.json,birthmarks/experiment2/bzip2_arm64_windows_go.exe_f32aecb8.json,3631446962875
169,1,birthmarks/experiment2/bzip2_amd64_darwin_tgo_e9ce53c1.json,birthmarks/experiment2/bzip2_amd64_windows_msvc.exe_bf6ed930.json,133399621666
170,1,birthmarks/experiment2/bzip2_amd64_darwin_tgo_e9ce53c1.json,birthmarks/experiment2/bzip2_amd64_windows_rs-pure.exe_0f1bb339.json,3286934000291
182,1,birthmarks/experiment2/bzip2_amd64_darwin_tgo_e9ce53c1.json,birthmarks/experiment2/bzip2_arm64_linux_rs-sys_0cdcf5cb.json,3338448815417
208,1,birthmarks/experiment2/bzip2_amd64_linux_clang_2430eb37.json,birthmarks/experiment2/bzip2_arm64_linux_go_8a45dfb5.json,676802292416
219,1,birthmarks/experiment2/bzip2_amd64_linux_gcc_4399a2b9.json,birthmarks/experiment2/bzip2_amd64_linux_rs-sys_90d77d68.json,2003387534167
246,1,birthmarks/experiment2/bzip2_amd64_linux_go_62958439.json,birthmarks/experiment2/bzip2_amd64_linux_tgo_339261c9.json,1057157536250
257,1,birthmarks/experiment2/bzip2_amd64_linux_go_62958439.json,birthmarks/experiment2/bzip2_arm64_darwin_rs-sys_26360764.json,2082064409667
271,1,birthmarks/experiment2/bzip2_amd64_linux_rs-pure_227bfcee.json,birthmarks/experiment2/bzip2_amd64_linux_tgo_339261c9.json,3127915557375
284,1,birthmarks/experiment2/bzip2_amd64_linux_rs-pure_227bfcee.json,birthmarks/experiment2/bzip2_arm64_linux_clang_1ab795bb.json,720273438083
286,1,birthmarks/experiment2/bzip2_amd64_linux_rs-pure_227bfcee.json,birthmarks/experiment2/bzip2_arm64_linux_go_8a45dfb5.json,4504598811042
292,1,birthmarks/experiment2/bzip2_amd64_linux_rs-pure_227bfcee.json,birthmarks/experiment2/bzip2_arm64_windows_msvc.exe_2fc063be.json,949292965625
293,1,birthmarks/experiment2/bzip2_amd64_linux_rs-pure_227bfcee.json,birthmarks/experiment2/bzip2_arm64_windows_rs-pure.exe_70f3ba79.json,7798009145458
311,1,birthmarks/experiment2/bzip2_amd64_linux_rs-sys_90d77d68.json,birthmarks/experiment2/bzip2_arm64_linux_rs-pure_434c6cad.json,11166209602292
344,1,birthmarks/experiment2/bzip2_amd64_windows_clang.exe_ac39e1ca.json,birthmarks/experiment2/bzip2_amd64_windows_msvc.exe_bf6ed930.json,98268071417
346,1,birthmarks/experiment2/bzip2_amd64_windows_clang.exe_ac39e1ca.json,birthmarks/experiment2/bzip2_amd64_windows_rs-sys.exe_e8875bd0.json,2329960173459
361,1,birthmarks/experiment2/bzip2_amd64_windows_clang.exe_ac39e1ca.json,birthmarks/experiment2/bzip2_arm64_windows_msvc.exe_2fc063be.json,185574007167
362,1,birthmarks/experiment2/bzip2_amd64_windows_clang.exe_ac39e1ca.json,birthmarks/experiment2/bzip2_arm64_windows_rs-pure.exe_70f3ba79.json,1667965046709
398,1,birthmarks/experiment2/bzip2_amd64_windows_go.exe_475848bc.json,birthmarks/experiment2/bzip2_arm64_linux_rs-sys_0cdcf5cb.json,3164627706667
433,1,birthmarks/experiment2/bzip2_amd64_windows_rs-pure.exe_0f1bb339.json,birthmarks/experiment2/bzip2_arm64_linux_go_8a45dfb5.json,3074049829459
441,1,birthmarks/experiment2/bzip2_amd64_windows_rs-pure.exe_0f1bb339.json,birthmarks/experiment2/bzip2_arm64_windows_rs-sys.exe_223cea53.json,5389553787125
457,1,birthmarks/experiment2/bzip2_amd64_windows_rs-sys.exe_e8875bd0.json,birthmarks/experiment2/bzip2_arm64_windows_rs-pure.exe_70f3ba79.json,6485999663583
502,1,birthmarks/experiment2/bzip2_arm64_darwin_go_f857338e.json,birthmarks/experiment2/bzip2_arm64_windows_rs-pure.exe_70f3ba79.json,2763881927208
514,1,birthmarks/experiment2/bzip2_arm64_darwin_rs-pure_4270a245.json,birthmarks/experiment2/bzip2_arm64_windows_msvc.exe_2fc063be.json,677774035292
518,1,birthmarks/experiment2/bzip2_arm64_darwin_rs-sys_26360764.json,birthmarks/experiment2/bzip2_arm64_linux_clang_1ab795bb.json,470413721916
519,1,birthmarks/experiment2/bzip2_arm64_darwin_rs-sys_26360764.json,birthmarks/experiment2/bzip2_arm64_linux_gcc_96b9e9ad.json,1000209899000
522,1,birthmarks/experiment2/bzip2_arm64_darwin_rs-sys_26360764.json,birthmarks/experiment2/bzip2_arm64_linux_rs-sys_0cdcf5cb.json,7204467361333
559,1,birthmarks/experiment2/bzip2_arm64_linux_go_8a45dfb5.json,birthmarks/experiment2/bzip2_arm64_linux_rs-pure_434c6cad.json,3310000238208
575,1,birthmarks/experiment2/bzip2_arm64_linux_rs-sys_0cdcf5cb.json,birthmarks/experiment2/bzip2_arm64_windows_clang.exe_bbfd25d7.json,1649065725500
582,1,birthmarks/experiment2/bzip2_arm64_linux_tgo_5485493c.json,birthmarks/experiment2/bzip2_arm64_windows_msvc.exe_2fc063be.json,322940093916
584,1,birthmarks/experiment2/bzip2_arm64_linux_tgo_5485493c.json,birthmarks/experiment2/bzip2_arm64_windows_rs-sys.exe_223cea53.json,2653381341667
594,1,birthmarks/experiment2/bzip2_arm64_windows_rs-pure.exe_70f3ba79.json,birthmarks/experiment2/bzip2_arm64_windows_rs-sys.exe_223cea53.json,5124604653250
619,1,birthmarks/experiment2/bzip2_arm64_linux_clang_1ab795bb.json,birthmarks/experiment2/bzip2_arm64_linux_clang_1ab795bb.json,35112047958
620,1,birthmarks/experiment2/bzip2_arm64_linux_gcc_96b9e9ad.json,birthmarks/experiment2/bzip2_arm64_linux_gcc_96b9e9ad.json,157168708083
621,1,birthmarks/experiment2/bzip2_arm64_linux_go_8a45dfb5.json,birthmarks/experiment2/bzip2_arm64_linux_go_8a45dfb5.json,1580801532125
623,1,birthmarks/experiment2/bzip2_arm64_linux_rs-sys_0cdcf5cb.json,birthmarks/experiment2/bzip2_arm64_linux_rs-sys_0cdcf5cb.json,4711628056125
total duration,134476165941000,2241:16:165
