0.926471,1.000000,,,amd64_darwin_clang
0.926471,0.944444,,,amd64_linux_clang
0.030029,1.000000,,,amd64_darwin_clang
0.030029,0.052908,,,amd64_windows_clang
0.030029,0.063870,,,amd64_windows_clang
0.875000,1.000000,,,amd64_darwin_gcc
0.875000,0.944444,,,amd64_linux_gcc
0.567568,1.000000,,,amd64_darwin_gcc
0.567568,0.052908,,,amd64_windows_gcc
0.567568,0.828358,,,amd64_windows_gcc
0.945752,,0.186419,,amd64_darwin_go
0.945752,,0.225768,,amd64_linux_go
0.952591,,0.186419,,amd64_darwin_go
0.963057,,,0.986803,amd64_darwin_rs-pure
0.963057,,,0.986663,amd64_linux_rs-pure
0.656299,,,0.986803,amd64_darwin_rs-pure
0.656299,,,0.989961,amd64_windows_rs-pure
0.962741,,,0.986803,amd64_darwin_rs-sys
0.962741,,,0.986663,amd64_linux_rs-sys
0.654206,,,0.986803,amd64_darwin_rs-sys
0.654206,,,0.989961,amd64_windows_rs-sys
0.780919,,0.186419,,amd64_darwin_tgo
0.780919,,0.225768,,amd64_linux_tgo
0.032412,0.944444,,,amd64_linux_clang
0.032412,0.052908,,,amd64_windows_clang
0.032412,0.063870,,,amd64_windows_clang
0.648649,0.944444,,,amd64_linux_gcc
0.648649,0.052908,,,amd64_windows_gcc
0.648649,0.828358,,,amd64_windows_gcc
0.992820,,0.225768,,amd64_linux_go
0.631841,,,0.986663,amd64_linux_rs-pure
0.631841,,,0.989961,amd64_windows_rs-pure
0.629872,,,0.986663,amd64_linux_rs-sys
0.629872,,,0.989961,amd64_windows_rs-sys
0.901408,0.937500,,,arm64_darwin_clang
0.901408,0.835294,,,arm64_linux_clang
0.025921,0.937500,,,arm64_darwin_clang
0.025921,0.280680,,,arm64_windows_clang
0.705882,0.937500,,,arm64_darwin_gcc
0.705882,0.835294,,,arm64_linux_gcc
0.984646,,0.194091,,arm64_darwin_go
0.984646,,0.258990,,arm64_linux_go
0.711120,,0.194091,,arm64_darwin_go
0.986355,,,0.988011,arm64_darwin_rs-pure
0.986355,,,0.985446,arm64_linux_rs-pure
0.711816,,,0.988011,arm64_darwin_rs-pure
0.711816,,,0.986871,arm64_windows_rs-pure
0.988923,,,0.988011,arm64_darwin_rs-sys
0.988923,,,0.985446,arm64_linux_rs-sys
0.712639,,,0.988011,arm64_darwin_rs-sys
0.712639,,,0.986871,arm64_windows_rs-sys
0.737910,,0.194091,,arm64_darwin_tgo
0.737910,,0.258990,,arm64_linux_tgo
0.028757,0.835294,,,arm64_linux_clang
0.028757,0.280680,,,arm64_windows_clang
0.700202,,0.258990,,arm64_linux_go
0.721663,,,0.985446,arm64_linux_rs-pure
0.721663,,,0.986871,arm64_windows_rs-pure
0.720621,,,0.985446,arm64_linux_rs-sys
0.720621,,,0.986871,arm64_windows_rs-sys
