0,1,birthmarks/experiment2-2/bzip2_clang_6753cec9.json,birthmarks/experiment2-2/bzip2_gcc_fdf4f70c.json,479527375
13,0.07420554115710756,birthmarks/experiment2-2/bzip2_clang_6753cec9.json,birthmarks/experiment2-2/md5rs_04526c3a.json,2920808166
22,0.015426485156279824,birthmarks/experiment2-2/bzip2_gcc_fdf4f70c.json,birthmarks/experiment2-2/bzip2_rs-pure_3970256f.json,17773090417
49,0.0010500064071883107,birthmarks/experiment2-2/bzip2_go_404ae8fe.json,birthmarks/experiment2-2/md5clang_82b06a1f.json,279794667
53,0.1340339444988886,birthmarks/experiment2-2/bzip2_go_404ae8fe.json,birthmarks/experiment2-2/md5tinygo_57951e08.json,19413449834
60,0.9816139109904473,birthmarks/experiment2-2/bzip2_rs-pure_3970256f.json,birthmarks/experiment2-2/bzip2_rs-sys_836d3c64.json,290258638250
83,0.12483213813054171,birthmarks/experiment2-2/bzip2_rs-sys_836d3c64.json,birthmarks/experiment2-2/factorize_tinygo_9366fd6b.json,27968639417
94,0.12244375995559406,birthmarks/experiment2-2/bzip2_rs-sys_836d3c64.json,birthmarks/experiment2-2/sha256tinygo_1c439ec8.json,31049335375
109,0.04064603221672627,birthmarks/experiment2-2/bzip2_tinygo_62bbf92c.json,birthmarks/experiment2-2/sha256swift_ec9f9b04.json,649068166
123,0.002006966114643084,birthmarks/experiment2-2/factorize_clang_dc3c7be0.json,birthmarks/experiment2-2/sha256rs_24143b9e.json,27878000
133,0.0026097763048881528,birthmarks/experiment2-2/factorize_gcc_26e6574e.json,birthmarks/experiment2-2/md5tinygo_57951e08.json,13229708
137,0.0020976032940140618,birthmarks/experiment2-2/factorize_gcc_26e6574e.json,birthmarks/experiment2-2/sha256rs_24143b9e.json,38394500
144,0.9939581617777261,birthmarks/experiment2-2/factorize_go_99afecd2.json,birthmarks/experiment2-2/md5go_7128ae8e.json,70520551250
171,0.004324875182574988,birthmarks/experiment2-2/factorize_tinygo_9366fd6b.json,birthmarks/experiment2-2/sha256gcc_5a9c45df.json,21889250
173,0.5225594828118676,birthmarks/experiment2-2/factorize_tinygo_9366fd6b.json,birthmarks/experiment2-2/sha256rs_24143b9e.json,4887242333
188,0.004415381175944557,birthmarks/experiment2-2/md5gcc_94fcd4a0.json,birthmarks/experiment2-2/md5tinygo_57951e08.json,33671375
192,0.0033685033419372716,birthmarks/experiment2-2/md5gcc_94fcd4a0.json,birthmarks/experiment2-2/sha256rs_24143b9e.json,55585750
201,0.010482120814244935,birthmarks/experiment2-2/md5go_7128ae8e.json,birthmarks/experiment2-2/sha256swift_ec9f9b04.json,1229788250
211,0.004464106576782633,birthmarks/experiment2-2/md5tinygo_57951e08.json,birthmarks/experiment2-2/sha256gcc_5a9c45df.json,12058375
213,0.5132162310721107,birthmarks/experiment2-2/md5tinygo_57951e08.json,birthmarks/experiment2-2/sha256rs_24143b9e.json,5729155250
225,0.2532636570454067,birthmarks/experiment2-2/sha256go_6b94c499.json,birthmarks/experiment2-2/sha256rs_24143b9e.json,22141053416
250,1,birthmarks/experiment2-2/sha256rs_24143b9e.json,birthmarks/experiment2-2/sha256rs_24143b9e.json,8504506084
4,0.09704228805556264,birthmarks/experiment2-2/bzip2_clang_6753cec9.json,birthmarks/experiment2-2/bzip2_tinygo_62bbf92c.json,2746324125
20,0.0927743980941515,birthmarks/experiment2-2/bzip2_clang_6753cec9.json,birthmarks/experiment2-2/sha256tinygo_1c439ec8.json,2018073917
26,0.02078272604588394,birthmarks/experiment2-2/bzip2_gcc_fdf4f70c.json,birthmarks/experiment2-2/factorize_gcc_26e6574e.json,9372417
29,0.09108318824464999,birthmarks/experiment2-2/bzip2_gcc_fdf4f70c.json,birthmarks/experiment2-2/factorize_tinygo_9366fd6b.json,2149919500
31,0.035743114909781576,birthmarks/experiment2-2/bzip2_gcc_fdf4f70c.json,birthmarks/experiment2-2/md5gcc_94fcd4a0.json,16425208
33,0.07420554115710756,birthmarks/experiment2-2/bzip2_gcc_fdf4f70c.json,birthmarks/experiment2-2/md5rs_04526c3a.json,3163959917
43,0.15726535776002018,birthmarks/experiment2-2/bzip2_go_404ae8fe.json,birthmarks/experiment2-2/bzip2_tinygo_62bbf92c.json,53167463500
57,0.203960644234585,birthmarks/experiment2-2/bzip2_go_404ae8fe.json,birthmarks/experiment2-2/sha256rs_24143b9e.json,39331875416
66,0.12305401331606283,birthmarks/experiment2-2/bzip2_rs-pure_3970256f.json,birthmarks/experiment2-2/factorize_tinygo_9366fd6b.json,31759683542
73,0.0007014224936705557,birthmarks/experiment2-2/bzip2_rs-pure_3970256f.json,birthmarks/experiment2-2/sha256gcc_5a9c45df.json,311456750
81,0.4539383169049362,birthmarks/experiment2-2/bzip2_rs-sys_836d3c64.json,birthmarks/experiment2-2/factorize_go_99afecd2.json,137544646041
95,0.0028503473270915128,birthmarks/experiment2-2/bzip2_tinygo_62bbf92c.json,birthmarks/experiment2-2/factorize_clang_dc3c7be0.json,42761125
96,0.0030065072348370446,birthmarks/experiment2-2/bzip2_tinygo_62bbf92c.json,birthmarks/experiment2-2/factorize_gcc_26e6574e.json,36914792
97,0.19458428850401166,birthmarks/experiment2-2/bzip2_tinygo_62bbf92c.json,birthmarks/experiment2-2/factorize_go_99afecd2.json,42338376458
107,0.19566325502073362,birthmarks/experiment2-2/bzip2_tinygo_62bbf92c.json,birthmarks/experiment2-2/sha256go_6b94c499.json,38584269958
147,0.0012856625632758016,birthmarks/experiment2-2/factorize_go_99afecd2.json,birthmarks/experiment2-2/sha256clang_655206e7.json,132104333
153,0.5080012548664182,birthmarks/experiment2-2/factorize_rs_adac3d94.json,birthmarks/experiment2-2/factorize_tinygo_9366fd6b.json,5730299667
160,0.003140711353967838,birthmarks/experiment2-2/factorize_rs_adac3d94.json,birthmarks/experiment2-2/sha256gcc_5a9c45df.json,47589167
164,0.5002385299961272,birthmarks/experiment2-2/factorize_rs_adac3d94.json,birthmarks/experiment2-2/sha256tinygo_1c439ec8.json,5090634875
174,0.03962328459096696,birthmarks/experiment2-2/factorize_tinygo_9366fd6b.json,birthmarks/experiment2-2/sha256swift_ec9f9b04.json,261522875
176,0.7955555555555556,birthmarks/experiment2-2/md5clang_82b06a1f.json,birthmarks/experiment2-2/md5gcc_94fcd4a0.json,288125
177,0.0013122354216522658,birthmarks/experiment2-2/md5clang_82b06a1f.json,birthmarks/experiment2-2/md5go_7128ae8e.json,299499584
199,0.9999763995091098,birthmarks/experiment2-2/md5go_7128ae8e.json,birthmarks/experiment2-2/sha256go_6b94c499.json,63028398250
242,1,birthmarks/experiment2-2/md5clang_82b06a1f.json,birthmarks/experiment2-2/md5clang_82b06a1f.json,380667
243,1,birthmarks/experiment2-2/md5gcc_94fcd4a0.json,birthmarks/experiment2-2/md5gcc_94fcd4a0.json,164000
244,1,birthmarks/experiment2-2/md5go_7128ae8e.json,birthmarks/experiment2-2/md5go_7128ae8e.json,75948451166
3,0.015727009951665354,birthmarks/experiment2-2/bzip2_clang_6753cec9.json,birthmarks/experiment2-2/bzip2_rs-sys_836d3c64.json,20164429667
42,0.5416598756416657,birthmarks/experiment2-2/bzip2_go_404ae8fe.json,birthmarks/experiment2-2/bzip2_rs-sys_836d3c64.json,195623372291
71,0.12004645338277048,birthmarks/experiment2-2/bzip2_rs-pure_3970256f.json,birthmarks/experiment2-2/md5tinygo_57951e08.json,32014013458
77,0.12069525843630834,birthmarks/experiment2-2/bzip2_rs-pure_3970256f.json,birthmarks/experiment2-2/sha256tinygo_1c439ec8.json,30293105334
85,0.0007015369652732289,birthmarks/experiment2-2/bzip2_rs-sys_836d3c64.json,birthmarks/experiment2-2/md5gcc_94fcd4a0.json,360719000
93,0.0069295799119522316,birthmarks/experiment2-2/bzip2_rs-sys_836d3c64.json,birthmarks/experiment2-2/sha256swift_ec9f9b04.json,3006212667
105,0.005046632953609698,birthmarks/experiment2-2/bzip2_tinygo_62bbf92c.json,birthmarks/experiment2-2/sha256clang_655206e7.json,72151750
110,0.6221692048901958,birthmarks/experiment2-2/bzip2_tinygo_62bbf92c.json,birthmarks/experiment2-2/sha256tinygo_1c439ec8.json,8794451417
138,0.04063786008230453,birthmarks/experiment2-2/factorize_gcc_26e6574e.json,birthmarks/experiment2-2/sha256swift_ec9f9b04.json,1053708
139,0.0025631578947368423,birthmarks/experiment2-2/factorize_gcc_26e6574e.json,birthmarks/experiment2-2/sha256tinygo_1c439ec8.json,13114750
141,0.16826237122868157,birthmarks/experiment2-2/factorize_go_99afecd2.json,birthmarks/experiment2-2/factorize_tinygo_9366fd6b.json,12605548625
152,0.16510663914956816,birthmarks/experiment2-2/factorize_go_99afecd2.json,birthmarks/experiment2-2/sha256tinygo_1c439ec8.json,13594961917
163,0.03039415661470247,birthmarks/experiment2-2/factorize_rs_adac3d94.json,birthmarks/experiment2-2/sha256swift_ec9f9b04.json,565799584
170,0.004683164813883768,birthmarks/experiment2-2/factorize_tinygo_9366fd6b.json,birthmarks/experiment2-2/sha256clang_655206e7.json,21152042
172,0.1691572890769237,birthmarks/experiment2-2/factorize_tinygo_9366fd6b.json,birthmarks/experiment2-2/sha256go_6b94c499.json,11590336625
200,0.2532636570454067,birthmarks/experiment2-2/md5go_7128ae8e.json,birthmarks/experiment2-2/sha256rs_24143b9e.json,28492403459
229,0.5149189083998921,birthmarks/experiment2-2/sha256rs_24143b9e.json,birthmarks/experiment2-2/sha256tinygo_1c439ec8.json,4683863667
235,1,birthmarks/experiment2-2/bzip2_rs-sys_836d3c64.json,birthmarks/experiment2-2/bzip2_rs-sys_836d3c64.json,211173275542
6,0.02078272604588394,birthmarks/experiment2-2/bzip2_clang_6753cec9.json,birthmarks/experiment2-2/factorize_gcc_26e6574e.json,10662084
10,0.03769640852974186,birthmarks/experiment2-2/bzip2_clang_6753cec9.json,birthmarks/experiment2-2/md5clang_82b06a1f.json,15084583
14,0.09326299643535133,birthmarks/experiment2-2/bzip2_clang_6753cec9.json,birthmarks/experiment2-2/md5tinygo_57951e08.json,1801235542
19,0.2823236288135668,birthmarks/experiment2-2/bzip2_clang_6753cec9.json,birthmarks/experiment2-2/sha256swift_ec9f9b04.json,109349708
23,0.015727009951665354,birthmarks/experiment2-2/bzip2_gcc_fdf4f70c.json,birthmarks/experiment2-2/bzip2_rs-sys_836d3c64.json,17754892416
50,0.0009622507545232931,birthmarks/experiment2-2/bzip2_go_404ae8fe.json,birthmarks/experiment2-2/md5gcc_94fcd4a0.json,238180042
54,0.0010346191878127244,birthmarks/experiment2-2/bzip2_go_404ae8fe.json,birthmarks/experiment2-2/sha256clang_655206e7.json,237002916
58,0.008387438590874841,birthmarks/experiment2-2/bzip2_go_404ae8fe.json,birthmarks/experiment2-2/sha256swift_ec9f9b04.json,1780476792
63,0.00044007155635062615,birthmarks/experiment2-2/bzip2_rs-pure_3970256f.json,birthmarks/experiment2-2/factorize_gcc_26e6574e.json,211284792
69,0.44672159975419606,birthmarks/experiment2-2/bzip2_rs-pure_3970256f.json,birthmarks/experiment2-2/md5go_7128ae8e.json,149820052791
84,0.0007612568837058632,birthmarks/experiment2-2/bzip2_rs-sys_836d3c64.json,birthmarks/experiment2-2/md5clang_82b06a1f.json,404923958
92,0.20109294060102073,birthmarks/experiment2-2/bzip2_rs-sys_836d3c64.json,birthmarks/experiment2-2/sha256rs_24143b9e.json,55581020916
111,0.8333333333333333,birthmarks/experiment2-2/factorize_clang_dc3c7be0.json,birthmarks/experiment2-2/factorize_gcc_26e6574e.json,25875
112,0.0006492389042724613,birthmarks/experiment2-2/factorize_clang_dc3c7be0.json,birthmarks/experiment2-2/factorize_go_99afecd2.json,184686375
126,0.0006883496816382722,birthmarks/experiment2-2/factorize_gcc_26e6574e.json,birthmarks/experiment2-2/factorize_go_99afecd2.json,159350208
145,0.24879483784460246,birthmarks/experiment2-2/factorize_go_99afecd2.json,birthmarks/experiment2-2/md5rs_04526c3a.json,26811418417
161,0.26623903279793937,birthmarks/experiment2-2/factorize_rs_adac3d94.json,birthmarks/experiment2-2/sha256go_6b94c499.json,26237569125
193,0.07249579124579124,birthmarks/experiment2-2/md5gcc_94fcd4a0.json,birthmarks/experiment2-2/sha256swift_ec9f9b04.json,2511542
194,0.004396296296296297,birthmarks/experiment2-2/md5gcc_94fcd4a0.json,birthmarks/experiment2-2/sha256tinygo_1c439ec8.json,25145208
197,0.0012930053920380206,birthmarks/experiment2-2/md5go_7128ae8e.json,birthmarks/experiment2-2/sha256clang_655206e7.json,120252000
208,0.03320019316417876,birthmarks/experiment2-2/md5rs_04526c3a.json,birthmarks/experiment2-2/sha256swift_ec9f9b04.json,476927583
214,0.04088058387539485,birthmarks/experiment2-2/md5tinygo_57951e08.json,birthmarks/experiment2-2/sha256swift_ec9f9b04.json,282571917
216,0.7955555555555556,birthmarks/experiment2-2/sha256clang_655206e7.json,birthmarks/experiment2-2/sha256gcc_5a9c45df.json,147000
217,0.0012930053920380206,birthmarks/experiment2-2/sha256clang_655206e7.json,birthmarks/experiment2-2/sha256go_6b94c499.json,278055125
232,1,birthmarks/experiment2-2/bzip2_gcc_fdf4f70c.json,birthmarks/experiment2-2/bzip2_gcc_fdf4f70c.json,508907708
241,1,birthmarks/experiment2-2/factorize_tinygo_9366fd6b.json,birthmarks/experiment2-2/factorize_tinygo_9366fd6b.json,1793767792
245,1,birthmarks/experiment2-2/md5rs_04526c3a.json,birthmarks/experiment2-2/md5rs_04526c3a.json,8862781000
5,0.019423076923076925,birthmarks/experiment2-2/bzip2_clang_6753cec9.json,birthmarks/experiment2-2/factorize_clang_dc3c7be0.json,10357167
11,0.035743114909781576,birthmarks/experiment2-2/bzip2_clang_6753cec9.json,birthmarks/experiment2-2/md5gcc_94fcd4a0.json,15555000
15,0.03872392507449978,birthmarks/experiment2-2/bzip2_clang_6753cec9.json,birthmarks/experiment2-2/sha256clang_655206e7.json,12366667
17,0.02441959626165763,birthmarks/experiment2-2/bzip2_clang_6753cec9.json,birthmarks/experiment2-2/sha256go_6b94c499.json,8775347792
30,0.03769640852974186,birthmarks/experiment2-2/bzip2_gcc_fdf4f70c.json,birthmarks/experiment2-2/md5clang_82b06a1f.json,18092500
32,0.02441959626165763,birthmarks/experiment2-2/bzip2_gcc_fdf4f70c.json,birthmarks/experiment2-2/md5go_7128ae8e.json,9005816708
46,0.8046036419541234,birthmarks/experiment2-2/bzip2_go_404ae8fe.json,birthmarks/experiment2-2/factorize_go_99afecd2.json,93905269667
62,0.0004304739188460119,birthmarks/experiment2-2/bzip2_rs-pure_3970256f.json,birthmarks/experiment2-2/factorize_clang_dc3c7be0.json,241041417
68,0.0006928357315954214,birthmarks/experiment2-2/bzip2_rs-pure_3970256f.json,birthmarks/experiment2-2/md5gcc_94fcd4a0.json,353391250
76,0.0067233395660080434,birthmarks/experiment2-2/bzip2_rs-pure_3970256f.json,birthmarks/experiment2-2/sha256swift_ec9f9b04.json,2595312917
82,0.214589135374942,birthmarks/experiment2-2/bzip2_rs-sys_836d3c64.json,birthmarks/experiment2-2/factorize_rs_adac3d94.json,52252552084
91,0.4516595176516019,birthmarks/experiment2-2/bzip2_rs-sys_836d3c64.json,birthmarks/experiment2-2/sha256go_6b94c499.json,144629738500
149,0.9939431976542122,birthmarks/experiment2-2/factorize_go_99afecd2.json,birthmarks/experiment2-2/sha256go_6b94c499.json,69564189792
186,0.0012025720904225577,birthmarks/experiment2-2/md5gcc_94fcd4a0.json,birthmarks/experiment2-2/md5go_7128ae8e.json,238770416
205,0.003421748319707503,birthmarks/experiment2-2/md5rs_04526c3a.json,birthmarks/experiment2-2/sha256gcc_5a9c45df.json,44691791
207,0.9737835610716968,birthmarks/experiment2-2/md5rs_04526c3a.json,birthmarks/experiment2-2/sha256rs_24143b9e.json,11072192167
223,0.07320516997936354,birthmarks/experiment2-2/sha256gcc_5a9c45df.json,birthmarks/experiment2-2/sha256swift_ec9f9b04.json,2243334
224,0.004437321937321937,birthmarks/experiment2-2/sha256gcc_5a9c45df.json,birthmarks/experiment2-2/sha256tinygo_1c439ec8.json,28482208
226,0.010482120814244935,birthmarks/experiment2-2/sha256go_6b94c499.json,birthmarks/experiment2-2/sha256swift_ec9f9b04.json,1171282167
237,1,birthmarks/experiment2-2/factorize_clang_dc3c7be0.json,birthmarks/experiment2-2/factorize_clang_dc3c7be0.json,26084
238,1,birthmarks/experiment2-2/factorize_gcc_26e6574e.json,birthmarks/experiment2-2/factorize_gcc_26e6574e.json,23875
239,1,birthmarks/experiment2-2/factorize_go_99afecd2.json,birthmarks/experiment2-2/factorize_go_99afecd2.json,76218114292
2,0.015426485156279824,birthmarks/experiment2-2/bzip2_clang_6753cec9.json,birthmarks/experiment2-2/bzip2_rs-pure_3970256f.json,20834905500
39,0.2823236288135668,birthmarks/experiment2-2/bzip2_gcc_fdf4f70c.json,birthmarks/experiment2-2/sha256swift_ec9f9b04.json,125717917
44,0.000522466039707419,birthmarks/experiment2-2/bzip2_go_404ae8fe.json,birthmarks/experiment2-2/factorize_clang_dc3c7be0.json,100085209
51,0.8000066231944268,birthmarks/experiment2-2/bzip2_go_404ae8fe.json,birthmarks/experiment2-2/md5go_7128ae8e.json,96881883542
65,0.2117680686346659,birthmarks/experiment2-2/bzip2_rs-pure_3970256f.json,birthmarks/experiment2-2/factorize_rs_adac3d94.json,57389957292
75,0.1986962362956296,birthmarks/experiment2-2/bzip2_rs-pure_3970256f.json,birthmarks/experiment2-2/sha256rs_24143b9e.json,55665244250
86,0.4516486910397901,birthmarks/experiment2-2/bzip2_rs-sys_836d3c64.json,birthmarks/experiment2-2/md5go_7128ae8e.json,148634791958
108,0.575130406855053,birthmarks/experiment2-2/bzip2_tinygo_62bbf92c.json,birthmarks/experiment2-2/sha256rs_24143b9e.json,13770202959
129,0.3499245852187029,birthmarks/experiment2-2/factorize_gcc_26e6574e.json,birthmarks/experiment2-2/md5clang_82b06a1f.json,149292
130,0.31628303495311166,birthmarks/experiment2-2/factorize_gcc_26e6574e.json,birthmarks/experiment2-2/md5gcc_94fcd4a0.json,111750
131,0.0006922810661128418,birthmarks/experiment2-2/factorize_gcc_26e6574e.json,birthmarks/experiment2-2/md5go_7128ae8e.json,177733667
146,0.1641042308879366,birthmarks/experiment2-2/factorize_go_99afecd2.json,birthmarks/experiment2-2/md5tinygo_57951e08.json,12689872375
156,0.26623903279793937,birthmarks/experiment2-2/factorize_rs_adac3d94.json,birthmarks/experiment2-2/md5go_7128ae8e.json,27432205708
178,0.003713032127474828,birthmarks/experiment2-2/md5clang_82b06a1f.json,birthmarks/experiment2-2/md5rs_04526c3a.json,76559166
189,0.7852991452991454,birthmarks/experiment2-2/md5gcc_94fcd4a0.json,birthmarks/experiment2-2/sha256clang_655206e7.json,218417
190,0.9287439613526569,birthmarks/experiment2-2/md5gcc_94fcd4a0.json,birthmarks/experiment2-2/sha256gcc_5a9c45df.json,216625
191,0.001223340522405943,birthmarks/experiment2-2/md5gcc_94fcd4a0.json,birthmarks/experiment2-2/sha256go_6b94c499.json,218630458
203,0.5176027153864537,birthmarks/experiment2-2/md5rs_04526c3a.json,birthmarks/experiment2-2/md5tinygo_57951e08.json,4493983000
204,0.0037399499398091934,birthmarks/experiment2-2/md5rs_04526c3a.json,birthmarks/experiment2-2/sha256clang_655206e7.json,37291250
206,0.25021232307286023,birthmarks/experiment2-2/md5rs_04526c3a.json,birthmarks/experiment2-2/sha256go_6b94c499.json,28303838917
230,0.04065348999033211,birthmarks/experiment2-2/sha256swift_ec9f9b04.json,birthmarks/experiment2-2/sha256tinygo_1c439ec8.json,261221167
231,1,birthmarks/experiment2-2/bzip2_clang_6753cec9.json,birthmarks/experiment2-2/bzip2_clang_6753cec9.json,487098792
240,1,birthmarks/experiment2-2/factorize_rs_adac3d94.json,birthmarks/experiment2-2/factorize_rs_adac3d94.json,8921087542
251,1,birthmarks/experiment2-2/sha256swift_ec9f9b04.json,birthmarks/experiment2-2/sha256swift_ec9f9b04.json,21649625
252,1,birthmarks/experiment2-2/sha256tinygo_1c439ec8.json,birthmarks/experiment2-2/sha256tinygo_1c439ec8.json,1783400750
1,0.019594559568722508,birthmarks/experiment2-2/bzip2_clang_6753cec9.json,birthmarks/experiment2-2/bzip2_go_404ae8fe.json,11062612541
24,0.09704228805556264,birthmarks/experiment2-2/bzip2_gcc_fdf4f70c.json,birthmarks/experiment2-2/bzip2_tinygo_62bbf92c.json,3746366791
36,0.03734567901234567,birthmarks/experiment2-2/bzip2_gcc_fdf4f70c.json,birthmarks/experiment2-2/sha256gcc_5a9c45df.json,13061750
41,0.5364887733767219,birthmarks/experiment2-2/bzip2_go_404ae8fe.json,birthmarks/experiment2-2/bzip2_rs-pure_3970256f.json,193994828541
70,0.19540113490972946,birthmarks/experiment2-2/bzip2_rs-pure_3970256f.json,birthmarks/experiment2-2/md5rs_04526c3a.json,58313623792
80,0.0004455983576862698,birthmarks/experiment2-2/bzip2_rs-sys_836d3c64.json,birthmarks/experiment2-2/factorize_gcc_26e6574e.json,221707875
88,0.12177933112624742,birthmarks/experiment2-2/bzip2_rs-sys_836d3c64.json,birthmarks/experiment2-2/md5tinygo_57951e08.json,30407983875
98,0.5399794139788542,birthmarks/experiment2-2/bzip2_tinygo_62bbf92c.json,birthmarks/experiment2-2/factorize_rs_adac3d94.json,16347906167
106,0.0047104058731965714,birthmarks/experiment2-2/bzip2_tinygo_62bbf92c.json,birthmarks/experiment2-2/sha256gcc_5a9c45df.json,73525709
114,0.0024796468294920305,birthmarks/experiment2-2/factorize_clang_dc3c7be0.json,birthmarks/experiment2-2/factorize_tinygo_9366fd6b.json,13878042
115,0.34057971014492755,birthmarks/experiment2-2/factorize_clang_dc3c7be0.json,birthmarks/experiment2-2/md5clang_82b06a1f.json,146708
116,0.31628303495311166,birthmarks/experiment2-2/factorize_clang_dc3c7be0.json,birthmarks/experiment2-2/md5gcc_94fcd4a0.json,95750
117,0.0006529469146291576,birthmarks/experiment2-2/factorize_clang_dc3c7be0.json,birthmarks/experiment2-2/md5go_7128ae8e.json,179291417
134,0.34422657952069713,birthmarks/experiment2-2/factorize_gcc_26e6574e.json,birthmarks/experiment2-2/sha256clang_655206e7.json,66500
135,0.3307757885763001,birthmarks/experiment2-2/factorize_gcc_26e6574e.json,birthmarks/experiment2-2/sha256gcc_5a9c45df.json,68292
136,0.0006922810661128418,birthmarks/experiment2-2/factorize_gcc_26e6574e.json,birthmarks/experiment2-2/sha256go_6b94c499.json,196787042
148,0.0011760309901765761,birthmarks/experiment2-2/factorize_go_99afecd2.json,birthmarks/experiment2-2/sha256gcc_5a9c45df.json,130485042
154,0.0033813167520809376,birthmarks/experiment2-2/factorize_rs_adac3d94.json,birthmarks/experiment2-2/md5clang_82b06a1f.json,64859000
157,0.9077966671689965,birthmarks/experiment2-2/factorize_rs_adac3d94.json,birthmarks/experiment2-2/md5rs_04526c3a.json,11384257416
168,0.5268799293105793,birthmarks/experiment2-2/factorize_tinygo_9366fd6b.json,birthmarks/experiment2-2/md5rs_04526c3a.json,5631985500
183,0.0036157686070018035,birthmarks/experiment2-2/md5clang_82b06a1f.json,birthmarks/experiment2-2/sha256rs_24143b9e.json,58080542
196,0.16497334805449773,birthmarks/experiment2-2/md5go_7128ae8e.json,birthmarks/experiment2-2/md5tinygo_57951e08.json,11481675916
210,0.004833930683143608,birthmarks/experiment2-2/md5tinygo_57951e08.json,birthmarks/experiment2-2/sha256clang_655206e7.json,19192667
212,0.1649733480544974,birthmarks/experiment2-2/md5tinygo_57951e08.json,birthmarks/experiment2-2/sha256go_6b94c499.json,12772918292
234,1,birthmarks/experiment2-2/bzip2_rs-pure_3970256f.json,birthmarks/experiment2-2/bzip2_rs-pure_3970256f.json,208806205875
9,0.09108318824464999,birthmarks/experiment2-2/bzip2_clang_6753cec9.json,birthmarks/experiment2-2/factorize_tinygo_9366fd6b.json,1999220166
12,0.02441959626165763,birthmarks/experiment2-2/bzip2_clang_6753cec9.json,birthmarks/experiment2-2/md5go_7128ae8e.json,8692818542
25,0.019423076923076925,birthmarks/experiment2-2/bzip2_gcc_fdf4f70c.json,birthmarks/experiment2-2/factorize_clang_dc3c7be0.json,8940000
28,0.06825520586060616,birthmarks/experiment2-2/bzip2_gcc_fdf4f70c.json,birthmarks/experiment2-2/factorize_rs_adac3d94.json,3490658792
34,0.09326299643535133,birthmarks/experiment2-2/bzip2_gcc_fdf4f70c.json,birthmarks/experiment2-2/md5tinygo_57951e08.json,2578881375
38,0.07283348184449541,birthmarks/experiment2-2/bzip2_gcc_fdf4f70c.json,birthmarks/experiment2-2/sha256rs_24143b9e.json,3056208875
47,0.214634690588655,birthmarks/experiment2-2/bzip2_go_404ae8fe.json,birthmarks/experiment2-2/factorize_rs_adac3d94.json,36478153334
56,0.8000066231944268,birthmarks/experiment2-2/bzip2_go_404ae8fe.json,birthmarks/experiment2-2/sha256go_6b94c499.json,91979236000
67,0.0007518149378614495,birthmarks/experiment2-2/bzip2_rs-pure_3970256f.json,birthmarks/experiment2-2/md5clang_82b06a1f.json,443336375
74,0.44673229208245047,birthmarks/experiment2-2/bzip2_rs-pure_3970256f.json,birthmarks/experiment2-2/sha256go_6b94c499.json,141213481625
90,0.0007102315673744245,birthmarks/experiment2-2/bzip2_rs-sys_836d3c64.json,birthmarks/experiment2-2/sha256gcc_5a9c45df.json,313905834
101,0.004681365146481426,birthmarks/experiment2-2/bzip2_tinygo_62bbf92c.json,birthmarks/experiment2-2/md5gcc_94fcd4a0.json,75003708
103,0.5845771789114872,birthmarks/experiment2-2/bzip2_tinygo_62bbf92c.json,birthmarks/experiment2-2/md5rs_04526c3a.json,15551985834
118,0.002044773953537459,birthmarks/experiment2-2/factorize_clang_dc3c7be0.json,birthmarks/experiment2-2/md5rs_04526c3a.json,29756500
124,0.0367798353909465,birthmarks/experiment2-2/factorize_clang_dc3c7be0.json,birthmarks/experiment2-2/sha256swift_ec9f9b04.json,877250
125,0.002513157894736842,birthmarks/experiment2-2/factorize_clang_dc3c7be0.json,birthmarks/experiment2-2/sha256tinygo_1c439ec8.json,12228625
128,0.0025283797729618164,birthmarks/experiment2-2/factorize_gcc_26e6574e.json,birthmarks/experiment2-2/factorize_tinygo_9366fd6b.json,12126584
132,0.002137118583697215,birthmarks/experiment2-2/factorize_gcc_26e6574e.json,birthmarks/experiment2-2/md5rs_04526c3a.json,33805416
142,0.0013047833877657532,birthmarks/experiment2-2/factorize_go_99afecd2.json,birthmarks/experiment2-2/md5clang_82b06a1f.json,209870750
150,0.2518288436428085,birthmarks/experiment2-2/factorize_go_99afecd2.json,birthmarks/experiment2-2/sha256rs_24143b9e.json,29082125708
169,0.9625920404573132,birthmarks/experiment2-2/factorize_tinygo_9366fd6b.json,birthmarks/experiment2-2/md5tinygo_57951e08.json,2056494916
175,0.9734363140967889,birthmarks/experiment2-2/factorize_tinygo_9366fd6b.json,birthmarks/experiment2-2/sha256tinygo_1c439ec8.json,2100498375
179,0.004679155880481481,birthmarks/experiment2-2/md5clang_82b06a1f.json,birthmarks/experiment2-2/md5tinygo_57951e08.json,44187542
184,0.07344758162897481,birthmarks/experiment2-2/md5clang_82b06a1f.json,birthmarks/experiment2-2/sha256swift_ec9f9b04.json,5437459
185,0.004651080945198592,birthmarks/experiment2-2/md5clang_82b06a1f.json,birthmarks/experiment2-2/sha256tinygo_1c439ec8.json,40573167
187,0.003431960233779104,birthmarks/experiment2-2/md5gcc_94fcd4a0.json,birthmarks/experiment2-2/md5rs_04526c3a.json,61258958
198,0.0011827476780747808,birthmarks/experiment2-2/md5go_7128ae8e.json,birthmarks/experiment2-2/sha256gcc_5a9c45df.json,123691625
209,0.5192111631034323,birthmarks/experiment2-2/md5rs_04526c3a.json,birthmarks/experiment2-2/sha256tinygo_1c439ec8.json,5774564167
218,0.0036707983230484693,birthmarks/experiment2-2/sha256clang_655206e7.json,birthmarks/experiment2-2/sha256rs_24143b9e.json,66014709
227,0.1659835336058738,birthmarks/experiment2-2/sha256go_6b94c499.json,birthmarks/experiment2-2/sha256tinygo_1c439ec8.json,10841423125
246,1,birthmarks/experiment2-2/md5tinygo_57951e08.json,birthmarks/experiment2-2/md5tinygo_57951e08.json,1884848042
247,1,birthmarks/experiment2-2/sha256clang_655206e7.json,birthmarks/experiment2-2/sha256clang_655206e7.json,168209
248,1,birthmarks/experiment2-2/sha256gcc_5a9c45df.json,birthmarks/experiment2-2/sha256gcc_5a9c45df.json,153625
249,1,birthmarks/experiment2-2/sha256go_6b94c499.json,birthmarks/experiment2-2/sha256go_6b94c499.json,74910514166
8,0.06825520586060616,birthmarks/experiment2-2/bzip2_clang_6753cec9.json,birthmarks/experiment2-2/factorize_rs_adac3d94.json,2989840500
16,0.03734567901234567,birthmarks/experiment2-2/bzip2_clang_6753cec9.json,birthmarks/experiment2-2/sha256gcc_5a9c45df.json,8810625
18,0.07283348184449541,birthmarks/experiment2-2/bzip2_clang_6753cec9.json,birthmarks/experiment2-2/sha256rs_24143b9e.json,2828092292
27,0.024280920185829943,birthmarks/experiment2-2/bzip2_gcc_fdf4f70c.json,birthmarks/experiment2-2/factorize_go_99afecd2.json,11373228250
37,0.02441959626165763,birthmarks/experiment2-2/bzip2_gcc_fdf4f70c.json,birthmarks/experiment2-2/sha256go_6b94c499.json,10124139875
48,0.13750423873199957,birthmarks/experiment2-2/bzip2_go_404ae8fe.json,birthmarks/experiment2-2/factorize_tinygo_9366fd6b.json,18053038958
55,0.0009545093584399232,birthmarks/experiment2-2/bzip2_go_404ae8fe.json,birthmarks/experiment2-2/sha256gcc_5a9c45df.json,220495875
59,0.13490893336648307,birthmarks/experiment2-2/bzip2_go_404ae8fe.json,birthmarks/experiment2-2/sha256tinygo_1c439ec8.json,18783994791
64,0.44899909707166946,birthmarks/experiment2-2/bzip2_rs-pure_3970256f.json,birthmarks/experiment2-2/factorize_go_99afecd2.json,150832156666
78,0.1257871048426342,birthmarks/experiment2-2/bzip2_rs-sys_836d3c64.json,birthmarks/experiment2-2/bzip2_tinygo_62bbf92c.json,69558096500
89,0.0007724701602252623,birthmarks/experiment2-2/bzip2_rs-sys_836d3c64.json,birthmarks/experiment2-2/sha256clang_655206e7.json,510405750
99,0.6125844081248225,birthmarks/experiment2-2/bzip2_tinygo_62bbf92c.json,birthmarks/experiment2-2/factorize_tinygo_9366fd6b.json,9795687750
104,0.6251128520796049,birthmarks/experiment2-2/bzip2_tinygo_62bbf92c.json,birthmarks/experiment2-2/md5tinygo_57951e08.json,9537172916
113,0.0018937834499794153,birthmarks/experiment2-2/factorize_clang_dc3c7be0.json,birthmarks/experiment2-2/factorize_rs_adac3d94.json,29613000
119,0.002559474494022961,birthmarks/experiment2-2/factorize_clang_dc3c7be0.json,birthmarks/experiment2-2/md5tinygo_57951e08.json,13212208
120,0.3333333333333333,birthmarks/experiment2-2/factorize_clang_dc3c7be0.json,birthmarks/experiment2-2/sha256clang_655206e7.json,54625
121,0.3307757885763001,birthmarks/experiment2-2/factorize_clang_dc3c7be0.json,birthmarks/experiment2-2/sha256gcc_5a9c45df.json,70083
122,0.0006529469146291576,birthmarks/experiment2-2/factorize_clang_dc3c7be0.json,birthmarks/experiment2-2/sha256go_6b94c499.json,175262584
143,0.0011927927519047809,birthmarks/experiment2-2/factorize_go_99afecd2.json,birthmarks/experiment2-2/md5gcc_94fcd4a0.json,167372250
151,0.010422594056910555,birthmarks/experiment2-2/factorize_go_99afecd2.json,birthmarks/experiment2-2/sha256swift_ec9f9b04.json,1548232375
159,0.003432778258873856,birthmarks/experiment2-2/factorize_rs_adac3d94.json,birthmarks/experiment2-2/sha256clang_655206e7.json,51601084
162,0.9241868866403148,birthmarks/experiment2-2/factorize_rs_adac3d94.json,birthmarks/experiment2-2/sha256rs_24143b9e.json,10331404875
180,0.9343589743589744,birthmarks/experiment2-2/md5clang_82b06a1f.json,birthmarks/experiment2-2/sha256clang_655206e7.json,314209
181,0.7596581196581197,birthmarks/experiment2-2/md5clang_82b06a1f.json,birthmarks/experiment2-2/sha256gcc_5a9c45df.json,292667
182,0.0013122354216522658,birthmarks/experiment2-2/md5clang_82b06a1f.json,birthmarks/experiment2-2/sha256go_6b94c499.json,297760667
202,0.16598353360587378,birthmarks/experiment2-2/md5go_7128ae8e.json,birthmarks/experiment2-2/sha256tinygo_1c439ec8.json,11998030459
215,0.9872995425716653,birthmarks/experiment2-2/md5tinygo_57951e08.json,birthmarks/experiment2-2/sha256tinygo_1c439ec8.json,2293624459
219,0.07675303762260285,birthmarks/experiment2-2/sha256clang_655206e7.json,birthmarks/experiment2-2/sha256swift_ec9f9b04.json,1877458
220,0.004804927099044746,birthmarks/experiment2-2/sha256clang_655206e7.json,birthmarks/experiment2-2/sha256tinygo_1c439ec8.json,29998167
222,0.0033584802459995064,birthmarks/experiment2-2/sha256gcc_5a9c45df.json,birthmarks/experiment2-2/sha256rs_24143b9e.json,57672708
228,0.03258710030213702,birthmarks/experiment2-2/sha256rs_24143b9e.json,birthmarks/experiment2-2/sha256swift_ec9f9b04.json,460541917
233,1,birthmarks/experiment2-2/bzip2_go_404ae8fe.json,birthmarks/experiment2-2/bzip2_go_404ae8fe.json,110796115542
7,0.024280920185829943,birthmarks/experiment2-2/bzip2_clang_6753cec9.json,birthmarks/experiment2-2/factorize_go_99afecd2.json,8293023708
21,0.019594559568722508,birthmarks/experiment2-2/bzip2_gcc_fdf4f70c.json,birthmarks/experiment2-2/bzip2_go_404ae8fe.json,12814208833
35,0.03872392507449978,birthmarks/experiment2-2/bzip2_gcc_fdf4f70c.json,birthmarks/experiment2-2/sha256clang_655206e7.json,15145084
40,0.0927743980941515,birthmarks/experiment2-2/bzip2_gcc_fdf4f70c.json,birthmarks/experiment2-2/sha256tinygo_1c439ec8.json,2288837959
45,0.0005539398975211189,birthmarks/experiment2-2/bzip2_go_404ae8fe.json,birthmarks/experiment2-2/factorize_gcc_26e6574e.json,112171833
52,0.20151630458475314,birthmarks/experiment2-2/bzip2_go_404ae8fe.json,birthmarks/experiment2-2/md5rs_04526c3a.json,39159075750
61,0.12423170031629809,birthmarks/experiment2-2/bzip2_rs-pure_3970256f.json,birthmarks/experiment2-2/bzip2_tinygo_62bbf92c.json,72433720500
72,0.0007628891349821583,birthmarks/experiment2-2/bzip2_rs-pure_3970256f.json,birthmarks/experiment2-2/sha256clang_655206e7.json,351982084
79,0.00043588018470279064,birthmarks/experiment2-2/bzip2_rs-sys_836d3c64.json,birthmarks/experiment2-2/factorize_clang_dc3c7be0.json,196469584
87,0.19774934733749033,birthmarks/experiment2-2/bzip2_rs-sys_836d3c64.json,birthmarks/experiment2-2/md5rs_04526c3a.json,55974610792
100,0.004945803550454713,birthmarks/experiment2-2/bzip2_tinygo_62bbf92c.json,birthmarks/experiment2-2/md5clang_82b06a1f.json,86355916
102,0.19566325502073362,birthmarks/experiment2-2/bzip2_tinygo_62bbf92c.json,birthmarks/experiment2-2/md5go_7128ae8e.json,39945440458
127,0.001961591553047732,birthmarks/experiment2-2/factorize_gcc_26e6574e.json,birthmarks/experiment2-2/factorize_rs_adac3d94.json,28138542
140,0.2647305337302517,birthmarks/experiment2-2/factorize_go_99afecd2.json,birthmarks/experiment2-2/factorize_rs_adac3d94.json,26337922458
155,0.003150084537344797,birthmarks/experiment2-2/factorize_rs_adac3d94.json,birthmarks/experiment2-2/md5gcc_94fcd4a0.json,52386666
158,0.49861417050479245,birthmarks/experiment2-2/factorize_rs_adac3d94.json,birthmarks/experiment2-2/md5tinygo_57951e08.json,5842060125
165,0.004533217295515197,birthmarks/experiment2-2/factorize_tinygo_9366fd6b.json,birthmarks/experiment2-2/md5clang_82b06a1f.json,42659542
166,0.004277669482347845,birthmarks/experiment2-2/factorize_tinygo_9366fd6b.json,birthmarks/experiment2-2/md5gcc_94fcd4a0.json,36779792
167,0.1691572890769237,birthmarks/experiment2-2/factorize_tinygo_9366fd6b.json,birthmarks/experiment2-2/md5go_7128ae8e.json,12273988916
195,0.25021232307286,birthmarks/experiment2-2/md5go_7128ae8e.json,birthmarks/experiment2-2/md5rs_04526c3a.json,27282324667
221,0.0012025720904225577,birthmarks/experiment2-2/sha256gcc_5a9c45df.json,birthmarks/experiment2-2/sha256go_6b94c499.json,202974042
236,1,birthmarks/experiment2-2/bzip2_tinygo_62bbf92c.json,birthmarks/experiment2-2/bzip2_tinygo_62bbf92c.json,17277708584
total duration,2104808428833,35:04:808
