0,0.8716370099129517,birthmarks/bzip2_amd64_darwin_clang_bb422561.json,birthmarks/bzip2_amd64_darwin_gcc_61bd47af.json,773604750
1,0.023006215242964066,birthmarks/bzip2_amd64_darwin_clang_bb422561.json,birthmarks/bzip2_amd64_darwin_go_e1d42f63.json,37661584708
10,0.08221381146437139,birthmarks/bzip2_amd64_darwin_clang_bb422561.json,birthmarks/bzip2_amd64_linux_tgo_cc1b5a2d.json,11443015375
100,0.11479742187685914,birthmarks/bzip2_amd64_darwin_go_e1d42f63.json,birthmarks/bzip2_arm64_windows_rs-pure.exe_1f25dd7f.json,5739352656875
101,0.11735982440767885,birthmarks/bzip2_amd64_darwin_go_e1d42f63.json,birthmarks/bzip2_arm64_windows_rs-sys.exe_d6a1dc5d.json,5596153431542
102,0.9846823139010085,birthmarks/bzip2_amd64_darwin_rs-pure_b656f970.json,birthmarks/bzip2_amd64_darwin_rs-sys_26d20788.json,618762656625
103,0.1550875323790998,birthmarks/bzip2_amd64_darwin_rs-pure_b656f970.json,birthmarks/bzip2_amd64_darwin_tgo_6170c260.json,106082401667
104,0.018472789974494308,birthmarks/bzip2_amd64_darwin_rs-pure_b656f970.json,birthmarks/bzip2_amd64_linux_clang_ad366643.json,58543084625
105,0.020374330770054704,birthmarks/bzip2_amd64_darwin_rs-pure_b656f970.json,birthmarks/bzip2_amd64_linux_gcc_ccc4cf10.json,14713485459
106,0.6564301316461346,birthmarks/bzip2_amd64_darwin_rs-pure_b656f970.json,birthmarks/bzip2_amd64_linux_go_cf343d1a.json,431325012666
107,0.8234074849404907,birthmarks/bzip2_amd64_darwin_rs-pure_b656f970.json,birthmarks/bzip2_amd64_linux_rs-pure_f4511389.json,689705834041
108,0.8149895555990511,birthmarks/bzip2_amd64_darwin_rs-pure_b656f970.json,birthmarks/bzip2_amd64_linux_rs-sys_9751c6e7.json,697065617750
109,0.18185630330991404,birthmarks/bzip2_amd64_darwin_rs-pure_b656f970.json,birthmarks/bzip2_amd64_linux_tgo_cc1b5a2d.json,99703980167
11,0.02877325450505313,birthmarks/bzip2_amd64_darwin_clang_bb422561.json,birthmarks/bzip2_amd64_windows_clang.exe_fb68290e.json,23898396375
110,0.5548768148281109,birthmarks/bzip2_amd64_darwin_rs-pure_b656f970.json,birthmarks/bzip2_amd64_windows_clang.exe_fb68290e.json,265157292417
111,0.02992799007548303,birthmarks/bzip2_amd64_darwin_rs-pure_b656f970.json,birthmarks/bzip2_amd64_windows_gcc.exe_2a5000a8.json,20044938250
112,0.5992443196188487,birthmarks/bzip2_amd64_darwin_rs-pure_b656f970.json,birthmarks/bzip2_amd64_windows_go.exe_8d915129.json,391786071750
113,0.036448547253451945,birthmarks/bzip2_amd64_darwin_rs-pure_b656f970.json,birthmarks/bzip2_amd64_windows_msvc.exe_4eddc4d6.json,22344854000
114,0.13731563674823846,birthmarks/bzip2_amd64_darwin_rs-pure_b656f970.json,birthmarks/bzip2_amd64_windows_rs-pure.exe_5b22b00c.json,3729244126958
115,0.14061777688250174,birthmarks/bzip2_amd64_darwin_rs-pure_b656f970.json,birthmarks/bzip2_amd64_windows_rs-sys.exe_3e3736a4.json,3499212000292
116,0.017525857406007914,birthmarks/bzip2_amd64_darwin_rs-pure_b656f970.json,birthmarks/bzip2_arm64_darwin_clang_34392dac.json,24837576916
117,0.018828060754909254,birthmarks/bzip2_amd64_darwin_rs-pure_b656f970.json,birthmarks/bzip2_arm64_darwin_gcc_3894c17c.json,14240074708
118,0.5841460104160597,birthmarks/bzip2_amd64_darwin_rs-pure_b656f970.json,birthmarks/bzip2_arm64_darwin_go_293ce2f9.json,323535900125
119,0.9387833949544746,birthmarks/bzip2_amd64_darwin_rs-pure_b656f970.json,birthmarks/bzip2_arm64_darwin_rs-pure_9d252a8f.json,446227705333
12,0.5209993174498092,birthmarks/bzip2_amd64_darwin_clang_bb422561.json,birthmarks/bzip2_amd64_windows_gcc.exe_2a5000a8.json,1850745375
120,0.9273245293917901,birthmarks/bzip2_amd64_darwin_rs-pure_b656f970.json,birthmarks/bzip2_arm64_darwin_rs-sys_b370b5cd.json,508428630584
121,0.24331227445540995,birthmarks/bzip2_amd64_darwin_rs-pure_b656f970.json,birthmarks/bzip2_arm64_darwin_tgo_f357c0bc.json,135969289375
122,0.019029247208497368,birthmarks/bzip2_amd64_darwin_rs-pure_b656f970.json,birthmarks/bzip2_arm64_linux_clang_375294fc.json,27962576959
123,0.022580084573521095,birthmarks/bzip2_amd64_darwin_rs-pure_b656f970.json,birthmarks/bzip2_arm64_linux_gcc_a5af3ca9.json,25361499666
124,0.578271526211206,birthmarks/bzip2_amd64_darwin_rs-pure_b656f970.json,birthmarks/bzip2_arm64_linux_go_3b3448f2.json,338006987333
125,0.9346713389355514,birthmarks/bzip2_amd64_darwin_rs-pure_b656f970.json,birthmarks/bzip2_arm64_linux_rs-pure_927550bd.json,453179422000
126,0.9209770272938683,birthmarks/bzip2_amd64_darwin_rs-pure_b656f970.json,birthmarks/bzip2_arm64_linux_rs-sys_e5a5c625.json,444578570583
127,0.2910460864340258,birthmarks/bzip2_amd64_darwin_rs-pure_b656f970.json,birthmarks/bzip2_arm64_linux_tgo_d72531be.json,113249429542
128,0.6682394748389576,birthmarks/bzip2_amd64_darwin_rs-pure_b656f970.json,birthmarks/bzip2_arm64_windows_clang.exe_797eefb0.json,238366881667
129,0.028935640966221796,birthmarks/bzip2_amd64_darwin_rs-pure_b656f970.json,birthmarks/bzip2_arm64_windows_gcc.exe_4b1549dd.json,16779239333
13,0.025166201298586,birthmarks/bzip2_amd64_darwin_clang_bb422561.json,birthmarks/bzip2_amd64_windows_go.exe_8d915129.json,30439152958
130,0.4565671624509638,birthmarks/bzip2_amd64_darwin_rs-pure_b656f970.json,birthmarks/bzip2_arm64_windows_go.exe_ed2de88c.json,237927765833
131,0.035564083864669645,birthmarks/bzip2_amd64_darwin_rs-pure_b656f970.json,birthmarks/bzip2_arm64_windows_msvc.exe_22595510.json,22396124916
132,0.15544204094254613,birthmarks/bzip2_amd64_darwin_rs-pure_b656f970.json,birthmarks/bzip2_arm64_windows_rs-pure.exe_1f25dd7f.json,2661576559542
133,0.1589329604579648,birthmarks/bzip2_amd64_darwin_rs-pure_b656f970.json,birthmarks/bzip2_arm64_windows_rs-sys.exe_d6a1dc5d.json,2568499243250
134,0.15714350530472332,birthmarks/bzip2_amd64_darwin_rs-sys_26d20788.json,birthmarks/bzip2_amd64_darwin_tgo_6170c260.json,88090478875
135,0.018713161930374016,birthmarks/bzip2_amd64_darwin_rs-sys_26d20788.json,birthmarks/bzip2_amd64_linux_clang_ad366643.json,49432837875
136,0.02067231009954361,birthmarks/bzip2_amd64_darwin_rs-sys_26d20788.json,birthmarks/bzip2_amd64_linux_gcc_ccc4cf10.json,15210164167
137,0.6636691048717366,birthmarks/bzip2_amd64_darwin_rs-sys_26d20788.json,birthmarks/bzip2_amd64_linux_go_cf343d1a.json,404413943417
138,0.8207515524534815,birthmarks/bzip2_amd64_darwin_rs-sys_26d20788.json,birthmarks/bzip2_amd64_linux_rs-pure_f4511389.json,698978098500
139,0.818860592793593,birthmarks/bzip2_amd64_darwin_rs-sys_26d20788.json,birthmarks/bzip2_amd64_linux_rs-sys_9751c6e7.json,695709047875
14,0.431745507383917,birthmarks/bzip2_amd64_darwin_clang_bb422561.json,birthmarks/bzip2_amd64_windows_msvc.exe_4eddc4d6.json,1841328042
140,0.184299600767359,birthmarks/bzip2_amd64_darwin_rs-sys_26d20788.json,birthmarks/bzip2_amd64_linux_tgo_cc1b5a2d.json,128167570375
141,0.5621643391175061,birthmarks/bzip2_amd64_darwin_rs-sys_26d20788.json,birthmarks/bzip2_amd64_windows_clang.exe_fb68290e.json,309959469958
142,0.03033016956245072,birthmarks/bzip2_amd64_darwin_rs-sys_26d20788.json,birthmarks/bzip2_amd64_windows_gcc.exe_2a5000a8.json,23910263916
143,0.605847547683575,birthmarks/bzip2_amd64_darwin_rs-sys_26d20788.json,birthmarks/bzip2_amd64_windows_go.exe_8d915129.json,350732768208
144,0.03692787020103858,birthmarks/bzip2_amd64_darwin_rs-sys_26d20788.json,birthmarks/bzip2_amd64_windows_msvc.exe_4eddc4d6.json,27101963625
145,0.13577119123135478,birthmarks/bzip2_amd64_darwin_rs-sys_26d20788.json,birthmarks/bzip2_amd64_windows_rs-pure.exe_5b22b00c.json,11491276355375
146,0.1390379581653437,birthmarks/bzip2_amd64_darwin_rs-sys_26d20788.json,birthmarks/bzip2_amd64_windows_rs-sys.exe_3e3736a4.json,12153988584458
147,0.017763028519346122,birthmarks/bzip2_amd64_darwin_rs-sys_26d20788.json,birthmarks/bzip2_arm64_darwin_clang_34392dac.json,23771234959
148,0.019092530786979343,birthmarks/bzip2_amd64_darwin_rs-sys_26d20788.json,birthmarks/bzip2_arm64_darwin_gcc_3894c17c.json,13946039042
149,0.5906737180287783,birthmarks/bzip2_amd64_darwin_rs-sys_26d20788.json,birthmarks/bzip2_arm64_darwin_go_293ce2f9.json,323096547334
15,0.0025757360979392695,birthmarks/bzip2_amd64_darwin_clang_bb422561.json,birthmarks/bzip2_amd64_windows_rs-pure.exe_5b22b00c.json,18159485257833
150,0.9478885925283138,birthmarks/bzip2_amd64_darwin_rs-sys_26d20788.json,birthmarks/bzip2_arm64_darwin_rs-pure_9d252a8f.json,436543977417
151,0.9387310461433255,birthmarks/bzip2_amd64_darwin_rs-sys_26d20788.json,birthmarks/bzip2_arm64_darwin_rs-sys_b370b5cd.json,435337509333
152,0.24686022420873213,birthmarks/bzip2_amd64_darwin_rs-sys_26d20788.json,birthmarks/bzip2_arm64_darwin_tgo_f357c0bc.json,116796713625
153,0.01929397275720188,birthmarks/bzip2_amd64_darwin_rs-sys_26d20788.json,birthmarks/bzip2_arm64_linux_clang_375294fc.json,17710815750
154,0.022903300903817946,birthmarks/bzip2_amd64_darwin_rs-sys_26d20788.json,birthmarks/bzip2_arm64_linux_gcc_a5af3ca9.json,15260569625
155,0.5841030766601475,birthmarks/bzip2_amd64_darwin_rs-sys_26d20788.json,birthmarks/bzip2_arm64_linux_go_3b3448f2.json,313609233083
156,0.9384179401964197,birthmarks/bzip2_amd64_darwin_rs-sys_26d20788.json,birthmarks/bzip2_arm64_linux_rs-pure_927550bd.json,447458768875
157,0.9327261820222424,birthmarks/bzip2_amd64_darwin_rs-sys_26d20788.json,birthmarks/bzip2_arm64_linux_rs-sys_e5a5c625.json,444406512833
158,0.29539963371340644,birthmarks/bzip2_amd64_darwin_rs-sys_26d20788.json,birthmarks/bzip2_arm64_linux_tgo_d72531be.json,132613706042
159,0.676863346514088,birthmarks/bzip2_amd64_darwin_rs-sys_26d20788.json,birthmarks/bzip2_arm64_windows_clang.exe_797eefb0.json,252130996667
16,0.002637804113643364,birthmarks/bzip2_amd64_darwin_clang_bb422561.json,birthmarks/bzip2_amd64_windows_rs-sys.exe_3e3736a4.json,17411350186167
160,0.029324218083171164,birthmarks/bzip2_amd64_darwin_rs-sys_26d20788.json,birthmarks/bzip2_arm64_windows_gcc.exe_4b1549dd.json,15534950167
161,0.46178770395169527,birthmarks/bzip2_amd64_darwin_rs-sys_26d20788.json,birthmarks/bzip2_arm64_windows_go.exe_ed2de88c.json,229642140875
162,0.036049971808742476,birthmarks/bzip2_amd64_darwin_rs-sys_26d20788.json,birthmarks/bzip2_arm64_windows_msvc.exe_22595510.json,20641653041
163,0.15368931233040192,birthmarks/bzip2_amd64_darwin_rs-sys_26d20788.json,birthmarks/bzip2_arm64_windows_rs-pure.exe_1f25dd7f.json,8905181158292
164,0.15714478525232012,birthmarks/bzip2_amd64_darwin_rs-sys_26d20788.json,birthmarks/bzip2_arm64_windows_rs-sys.exe_d6a1dc5d.json,8356503720375
165,0.10534686268400491,birthmarks/bzip2_amd64_darwin_tgo_6170c260.json,birthmarks/bzip2_amd64_linux_clang_ad366643.json,8025578583
166,0.11728343418733135,birthmarks/bzip2_amd64_darwin_tgo_6170c260.json,birthmarks/bzip2_amd64_linux_gcc_ccc4cf10.json,2155475833
167,0.20383746112812925,birthmarks/bzip2_amd64_darwin_tgo_6170c260.json,birthmarks/bzip2_amd64_linux_go_cf343d1a.json,59723324084
168,0.14744595388799348,birthmarks/bzip2_amd64_darwin_tgo_6170c260.json,birthmarks/bzip2_amd64_linux_rs-pure_f4511389.json,139435231291
169,0.14971263996332765,birthmarks/bzip2_amd64_darwin_tgo_6170c260.json,birthmarks/bzip2_amd64_linux_rs-sys_9751c6e7.json,136075318083
17,0.9380088583078433,birthmarks/bzip2_amd64_darwin_clang_bb422561.json,birthmarks/bzip2_arm64_darwin_clang_34392dac.json,1051788417
170,0.7311476168762988,birthmarks/bzip2_amd64_darwin_tgo_6170c260.json,birthmarks/bzip2_amd64_linux_tgo_cc1b5a2d.json,15386935417
171,0.25098189718473524,birthmarks/bzip2_amd64_darwin_tgo_6170c260.json,birthmarks/bzip2_amd64_windows_clang.exe_fb68290e.json,47918525458
172,0.1730396725864057,birthmarks/bzip2_amd64_darwin_tgo_6170c260.json,birthmarks/bzip2_amd64_windows_gcc.exe_2a5000a8.json,2833565125
173,0.22433869030972256,birthmarks/bzip2_amd64_darwin_tgo_6170c260.json,birthmarks/bzip2_amd64_windows_go.exe_8d915129.json,64783308542
174,0.21110791625709802,birthmarks/bzip2_amd64_darwin_tgo_6170c260.json,birthmarks/bzip2_amd64_windows_msvc.exe_4eddc4d6.json,3790098500
175,0.02341511944126182,birthmarks/bzip2_amd64_darwin_tgo_6170c260.json,birthmarks/bzip2_amd64_windows_rs-pure.exe_5b22b00c.json,11764380375583
176,0.02397515374076872,birthmarks/bzip2_amd64_darwin_tgo_6170c260.json,birthmarks/bzip2_amd64_windows_rs-sys.exe_3e3736a4.json,11142074276084
177,0.10294999073132022,birthmarks/bzip2_amd64_darwin_tgo_6170c260.json,birthmarks/bzip2_arm64_darwin_clang_34392dac.json,4516367292
178,0.11014128752357649,birthmarks/bzip2_amd64_darwin_tgo_6170c260.json,birthmarks/bzip2_arm64_darwin_gcc_3894c17c.json,2611409875
179,0.19793682722843325,birthmarks/bzip2_amd64_darwin_tgo_6170c260.json,birthmarks/bzip2_arm64_darwin_go_293ce2f9.json,69893280750
18,0.8561424760529854,birthmarks/bzip2_amd64_darwin_clang_bb422561.json,birthmarks/bzip2_arm64_darwin_gcc_3894c17c.json,898871875
180,0.1584038572898521,birthmarks/bzip2_amd64_darwin_tgo_6170c260.json,birthmarks/bzip2_arm64_darwin_rs-pure_9d252a8f.json,102362319958
181,0.1603574162273106,birthmarks/bzip2_amd64_darwin_tgo_6170c260.json,birthmarks/bzip2_arm64_darwin_rs-sys_b370b5cd.json,102364100375
182,0.5467150376566537,birthmarks/bzip2_amd64_darwin_tgo_6170c260.json,birthmarks/bzip2_arm64_darwin_tgo_f357c0bc.json,22992394666
183,0.10889397012943164,birthmarks/bzip2_amd64_darwin_tgo_6170c260.json,birthmarks/bzip2_arm64_linux_clang_375294fc.json,3287569416
184,0.12914403564194651,birthmarks/bzip2_amd64_darwin_tgo_6170c260.json,birthmarks/bzip2_arm64_linux_gcc_a5af3ca9.json,3237854875
185,0.19830400278702512,birthmarks/bzip2_amd64_darwin_tgo_6170c260.json,birthmarks/bzip2_arm64_linux_go_3b3448f2.json,68709195583
186,0.15663332017693526,birthmarks/bzip2_amd64_darwin_tgo_6170c260.json,birthmarks/bzip2_arm64_linux_rs-pure_927550bd.json,119431367375
187,0.15904901136136687,birthmarks/bzip2_amd64_darwin_tgo_6170c260.json,birthmarks/bzip2_arm64_linux_rs-sys_e5a5c625.json,128834965667
188,0.42632195684743623,birthmarks/bzip2_amd64_darwin_tgo_6170c260.json,birthmarks/bzip2_arm64_linux_tgo_d72531be.json,32384328500
189,0.20221382485956868,birthmarks/bzip2_amd64_darwin_tgo_6170c260.json,birthmarks/bzip2_arm64_windows_clang.exe_797eefb0.json,63018835792
19,0.023164767876490112,birthmarks/bzip2_amd64_darwin_clang_bb422561.json,birthmarks/bzip2_arm64_darwin_go_293ce2f9.json,35550693083
190,0.1675638963387017,birthmarks/bzip2_amd64_darwin_tgo_6170c260.json,birthmarks/bzip2_arm64_windows_gcc.exe_4b1549dd.json,4128618125
191,0.29127744221326146,birthmarks/bzip2_amd64_darwin_tgo_6170c260.json,birthmarks/bzip2_arm64_windows_go.exe_ed2de88c.json,57934617208
192,0.20457022625676924,birthmarks/bzip2_amd64_darwin_tgo_6170c260.json,birthmarks/bzip2_arm64_windows_msvc.exe_22595510.json,5093947041
193,0.026747070161132036,birthmarks/bzip2_amd64_darwin_tgo_6170c260.json,birthmarks/bzip2_arm64_windows_rs-pure.exe_1f25dd7f.json,9067145857667
194,0.027368981718234976,birthmarks/bzip2_amd64_darwin_tgo_6170c260.json,birthmarks/bzip2_arm64_windows_rs-sys.exe_d6a1dc5d.json,8014425115000
195,0.8494458326497103,birthmarks/bzip2_amd64_linux_clang_ad366643.json,birthmarks/bzip2_amd64_linux_gcc_ccc4cf10.json,1360116125
196,0.024301629594760336,birthmarks/bzip2_amd64_linux_clang_ad366643.json,birthmarks/bzip2_amd64_linux_go_cf343d1a.json,95055631292
197,0.018390138164349458,birthmarks/bzip2_amd64_linux_clang_ad366643.json,birthmarks/bzip2_amd64_linux_rs-pure_f4511389.json,120649360709
198,0.01868031486640756,birthmarks/bzip2_amd64_linux_clang_ad366643.json,birthmarks/bzip2_amd64_linux_rs-sys_9751c6e7.json,100597197500
199,0.08911385537545381,birthmarks/bzip2_amd64_linux_clang_ad366643.json,birthmarks/bzip2_amd64_linux_tgo_cc1b5a2d.json,16715363167
2,0.01713846293471885,birthmarks/bzip2_amd64_darwin_clang_bb422561.json,birthmarks/bzip2_amd64_darwin_rs-pure_b656f970.json,59154377000
20,0.017484366294921356,birthmarks/bzip2_amd64_darwin_clang_bb422561.json,birthmarks/bzip2_arm64_darwin_rs-pure_9d252a8f.json,52815526291
200,0.030620990914309604,birthmarks/bzip2_amd64_linux_clang_ad366643.json,birthmarks/bzip2_amd64_windows_clang.exe_fb68290e.json,53856372375
201,0.5728137201362765,birthmarks/bzip2_amd64_linux_clang_ad366643.json,birthmarks/bzip2_amd64_windows_gcc.exe_2a5000a8.json,3229419417
202,0.026882424690613686,birthmarks/bzip2_amd64_linux_clang_ad366643.json,birthmarks/bzip2_amd64_windows_go.exe_8d915129.json,60702855625
203,0.4503881329934855,birthmarks/bzip2_amd64_linux_clang_ad366643.json,birthmarks/bzip2_amd64_windows_msvc.exe_4eddc4d6.json,3123516875
204,0.0027501019493526772,birthmarks/bzip2_amd64_linux_clang_ad366643.json,birthmarks/bzip2_amd64_windows_rs-pure.exe_5b22b00c.json,10995512588542
205,0.002816325683280727,birthmarks/bzip2_amd64_linux_clang_ad366643.json,birthmarks/bzip2_amd64_windows_rs-sys.exe_3e3736a4.json,10837982850125
206,0.8494536692730045,birthmarks/bzip2_amd64_linux_clang_ad366643.json,birthmarks/bzip2_arm64_darwin_clang_34392dac.json,1021805125
207,0.8502935850124521,birthmarks/bzip2_amd64_linux_clang_ad366643.json,birthmarks/bzip2_arm64_darwin_gcc_3894c17c.json,892791375
208,0.02498978362674478,birthmarks/bzip2_amd64_linux_clang_ad366643.json,birthmarks/bzip2_arm64_darwin_go_293ce2f9.json,35137559083
209,0.018777459350207384,birthmarks/bzip2_amd64_linux_clang_ad366643.json,birthmarks/bzip2_arm64_darwin_rs-pure_9d252a8f.json,52310046416
21,0.017732723295911874,birthmarks/bzip2_amd64_darwin_clang_bb422561.json,birthmarks/bzip2_arm64_darwin_rs-sys_b370b5cd.json,57727083042
210,0.019020965297117755,birthmarks/bzip2_amd64_linux_clang_ad366643.json,birthmarks/bzip2_arm64_darwin_rs-sys_b370b5cd.json,51946100500
211,0.06204655057908122,birthmarks/bzip2_amd64_linux_clang_ad366643.json,birthmarks/bzip2_arm64_darwin_tgo_f357c0bc.json,12781592042
212,0.930208700788906,birthmarks/bzip2_amd64_linux_clang_ad366643.json,birthmarks/bzip2_arm64_linux_clang_375294fc.json,954214167
213,0.771271809443901,birthmarks/bzip2_amd64_linux_clang_ad366643.json,birthmarks/bzip2_arm64_linux_gcc_a5af3ca9.json,1040120541
214,0.024650605945331593,birthmarks/bzip2_amd64_linux_clang_ad366643.json,birthmarks/bzip2_arm64_linux_go_3b3448f2.json,35939183125
215,0.01862778372161694,birthmarks/bzip2_amd64_linux_clang_ad366643.json,birthmarks/bzip2_arm64_linux_rs-pure_927550bd.json,50639420083
216,0.018910215199570504,birthmarks/bzip2_amd64_linux_clang_ad366643.json,birthmarks/bzip2_arm64_linux_rs-sys_e5a5c625.json,51129467791
217,0.05171742597444525,birthmarks/bzip2_amd64_linux_clang_ad366643.json,birthmarks/bzip2_arm64_linux_tgo_d72531be.json,13901472333
218,0.024343486562307174,birthmarks/bzip2_amd64_linux_clang_ad366643.json,birthmarks/bzip2_arm64_windows_clang.exe_797eefb0.json,32463799417
219,0.5963087919298099,birthmarks/bzip2_amd64_linux_clang_ad366643.json,birthmarks/bzip2_arm64_windows_gcc.exe_4b1549dd.json,1290594500
22,0.058317175241666,birthmarks/bzip2_amd64_darwin_clang_bb422561.json,birthmarks/bzip2_arm64_darwin_tgo_f357c0bc.json,12924853833
220,0.03589892008633481,birthmarks/bzip2_amd64_linux_clang_ad366643.json,birthmarks/bzip2_arm64_windows_go.exe_ed2de88c.json,23336945833
221,0.458722512999556,birthmarks/bzip2_amd64_linux_clang_ad366643.json,birthmarks/bzip2_arm64_windows_msvc.exe_22595510.json,1558148834
222,0.003147762090618172,birthmarks/bzip2_amd64_linux_clang_ad366643.json,birthmarks/bzip2_arm64_windows_rs-pure.exe_1f25dd7f.json,2739817732000
223,0.003219460612616997,birthmarks/bzip2_amd64_linux_clang_ad366643.json,birthmarks/bzip2_arm64_windows_rs-sys.exe_d6a1dc5d.json,2383308099584
224,0.02696375447543793,birthmarks/bzip2_amd64_linux_gcc_ccc4cf10.json,birthmarks/bzip2_amd64_linux_go_cf343d1a.json,14302113125
225,0.020116847012650516,birthmarks/bzip2_amd64_linux_gcc_ccc4cf10.json,birthmarks/bzip2_amd64_linux_rs-pure_f4511389.json,27827534833
226,0.02043456218117508,birthmarks/bzip2_amd64_linux_gcc_ccc4cf10.json,birthmarks/bzip2_amd64_linux_rs-sys_9751c6e7.json,28954525917
227,0.0988325718793684,birthmarks/bzip2_amd64_linux_gcc_ccc4cf10.json,birthmarks/bzip2_amd64_linux_tgo_cc1b5a2d.json,2110736583
228,0.033500990781740424,birthmarks/bzip2_amd64_linux_gcc_ccc4cf10.json,birthmarks/bzip2_amd64_windows_clang.exe_fb68290e.json,8352508292
229,0.6494446083422343,birthmarks/bzip2_amd64_linux_gcc_ccc4cf10.json,birthmarks/bzip2_amd64_windows_gcc.exe_2a5000a8.json,371256625
23,0.8236622511011514,birthmarks/bzip2_amd64_darwin_clang_bb422561.json,birthmarks/bzip2_arm64_linux_clang_375294fc.json,1092118208
230,0.029807679339405393,birthmarks/bzip2_amd64_linux_gcc_ccc4cf10.json,birthmarks/bzip2_amd64_windows_go.exe_8d915129.json,12453858958
231,0.49495119103917123,birthmarks/bzip2_amd64_linux_gcc_ccc4cf10.json,birthmarks/bzip2_amd64_windows_msvc.exe_4eddc4d6.json,395088917
232,0.003045145589735461,birthmarks/bzip2_amd64_linux_gcc_ccc4cf10.json,birthmarks/bzip2_amd64_windows_rs-pure.exe_5b22b00c.json,3314861168125
233,0.003118948951198752,birthmarks/bzip2_amd64_linux_gcc_ccc4cf10.json,birthmarks/bzip2_amd64_windows_rs-sys.exe_3e3736a4.json,2322698938500
234,0.7654621389235111,birthmarks/bzip2_amd64_linux_gcc_ccc4cf10.json,birthmarks/bzip2_arm64_darwin_clang_34392dac.json,669748750
235,0.8254995299267276,birthmarks/bzip2_amd64_linux_gcc_ccc4cf10.json,birthmarks/bzip2_arm64_darwin_gcc_3894c17c.json,270257250
236,0.027615961013190114,birthmarks/bzip2_amd64_linux_gcc_ccc4cf10.json,birthmarks/bzip2_arm64_darwin_go_293ce2f9.json,15675885333
237,0.020844123229376902,birthmarks/bzip2_amd64_linux_gcc_ccc4cf10.json,birthmarks/bzip2_arm64_darwin_rs-pure_9d252a8f.json,25842445042
238,0.02110911777690928,birthmarks/bzip2_amd64_linux_gcc_ccc4cf10.json,birthmarks/bzip2_arm64_darwin_rs-sys_b370b5cd.json,24783577542
239,0.06926758638954986,birthmarks/bzip2_amd64_linux_gcc_ccc4cf10.json,birthmarks/bzip2_arm64_darwin_tgo_f357c0bc.json,2829620041
24,0.694012652976561,birthmarks/bzip2_amd64_darwin_clang_bb422561.json,birthmarks/bzip2_arm64_linux_gcc_a5af3ca9.json,1591876500
240,0.8633470505980534,birthmarks/bzip2_amd64_linux_gcc_ccc4cf10.json,birthmarks/bzip2_arm64_linux_clang_375294fc.json,364070125
241,0.8673381189516025,birthmarks/bzip2_amd64_linux_gcc_ccc4cf10.json,birthmarks/bzip2_arm64_linux_gcc_a5af3ca9.json,336339083
242,0.027188305768259573,birthmarks/bzip2_amd64_linux_gcc_ccc4cf10.json,birthmarks/bzip2_arm64_linux_go_3b3448f2.json,15878069292
243,0.020627468278251893,birthmarks/bzip2_amd64_linux_gcc_ccc4cf10.json,birthmarks/bzip2_arm64_linux_rs-pure_927550bd.json,24985209416
244,0.020946196535801185,birthmarks/bzip2_amd64_linux_gcc_ccc4cf10.json,birthmarks/bzip2_arm64_linux_rs-sys_e5a5c625.json,21871178959
245,0.057348884467960215,birthmarks/bzip2_amd64_linux_gcc_ccc4cf10.json,birthmarks/bzip2_arm64_linux_tgo_d72531be.json,2941290250
246,0.026985988434460876,birthmarks/bzip2_amd64_linux_gcc_ccc4cf10.json,birthmarks/bzip2_arm64_windows_clang.exe_797eefb0.json,11180306500
247,0.6702510400555457,birthmarks/bzip2_amd64_linux_gcc_ccc4cf10.json,birthmarks/bzip2_arm64_windows_gcc.exe_4b1549dd.json,342334375
248,0.03966238712011026,birthmarks/bzip2_amd64_linux_gcc_ccc4cf10.json,birthmarks/bzip2_arm64_windows_go.exe_ed2de88c.json,6751739375
249,0.5053661562130416,birthmarks/bzip2_amd64_linux_gcc_ccc4cf10.json,birthmarks/bzip2_arm64_windows_msvc.exe_22595510.json,404908709
25,0.023226167270258224,birthmarks/bzip2_amd64_darwin_clang_bb422561.json,birthmarks/bzip2_arm64_linux_go_3b3448f2.json,61306978583
250,0.003482830791265362,birthmarks/bzip2_amd64_linux_gcc_ccc4cf10.json,birthmarks/bzip2_arm64_windows_rs-pure.exe_1f25dd7f.json,903444573875
251,0.0035651060424576795,birthmarks/bzip2_amd64_linux_gcc_ccc4cf10.json,birthmarks/bzip2_arm64_windows_rs-sys.exe_d6a1dc5d.json,879270524375
252,0.6529612686082243,birthmarks/bzip2_amd64_linux_go_cf343d1a.json,birthmarks/bzip2_amd64_linux_rs-pure_f4511389.json,334664383583
253,0.6622011413876412,birthmarks/bzip2_amd64_linux_go_cf343d1a.json,birthmarks/bzip2_amd64_linux_rs-sys_9751c6e7.json,353752028667
254,0.23985214042434705,birthmarks/bzip2_amd64_linux_go_cf343d1a.json,birthmarks/bzip2_amd64_linux_tgo_cc1b5a2d.json,47757394458
255,0.7006900966963171,birthmarks/bzip2_amd64_linux_go_cf343d1a.json,birthmarks/bzip2_amd64_windows_clang.exe_fb68290e.json,124110016167
256,0.03945896154232703,birthmarks/bzip2_amd64_linux_go_cf343d1a.json,birthmarks/bzip2_amd64_windows_gcc.exe_2a5000a8.json,10274947500
257,0.8938643566852681,birthmarks/bzip2_amd64_linux_go_cf343d1a.json,birthmarks/bzip2_amd64_windows_go.exe_8d915129.json,152829563625
258,0.04770641979823534,birthmarks/bzip2_amd64_linux_go_cf343d1a.json,birthmarks/bzip2_amd64_windows_msvc.exe_4eddc4d6.json,11073865291
259,0.10338588548890366,birthmarks/bzip2_amd64_linux_go_cf343d1a.json,birthmarks/bzip2_amd64_windows_rs-pure.exe_5b22b00c.json,2340253357166
26,0.017404650440234763,birthmarks/bzip2_amd64_darwin_clang_bb422561.json,birthmarks/bzip2_arm64_linux_rs-pure_927550bd.json,90342057375
260,0.10587767719103648,birthmarks/bzip2_amd64_linux_go_cf343d1a.json,birthmarks/bzip2_amd64_windows_rs-sys.exe_3e3736a4.json,2253608840375
261,0.0232640889794477,birthmarks/bzip2_amd64_linux_go_cf343d1a.json,birthmarks/bzip2_arm64_darwin_clang_34392dac.json,14759780834
262,0.024840797576868263,birthmarks/bzip2_amd64_linux_go_cf343d1a.json,birthmarks/bzip2_arm64_darwin_gcc_3894c17c.json,7686707417
263,0.7678728776090215,birthmarks/bzip2_amd64_linux_go_cf343d1a.json,birthmarks/bzip2_arm64_darwin_go_293ce2f9.json,164272084083
264,0.6676588264238221,birthmarks/bzip2_amd64_linux_go_cf343d1a.json,birthmarks/bzip2_arm64_darwin_rs-pure_9d252a8f.json,244447041792
265,0.6746867413456149,birthmarks/bzip2_amd64_linux_go_cf343d1a.json,birthmarks/bzip2_arm64_darwin_rs-sys_b370b5cd.json,251520737375
266,0.295818013193523,birthmarks/bzip2_amd64_linux_go_cf343d1a.json,birthmarks/bzip2_arm64_darwin_tgo_f357c0bc.json,60854139500
267,0.025084043965606862,birthmarks/bzip2_amd64_linux_go_cf343d1a.json,birthmarks/bzip2_arm64_linux_clang_375294fc.json,10565898417
268,0.02969839479431293,birthmarks/bzip2_amd64_linux_go_cf343d1a.json,birthmarks/bzip2_arm64_linux_gcc_a5af3ca9.json,9724164583
269,0.7822513396456023,birthmarks/bzip2_amd64_linux_go_cf343d1a.json,birthmarks/bzip2_arm64_linux_go_3b3448f2.json,167363626709
27,0.017688113082970584,birthmarks/bzip2_amd64_darwin_clang_bb422561.json,birthmarks/bzip2_arm64_linux_rs-sys_e5a5c625.json,85466613167
270,0.6593737996064568,birthmarks/bzip2_amd64_linux_go_cf343d1a.json,birthmarks/bzip2_arm64_linux_rs-pure_927550bd.json,248320657958
271,0.6674734844010325,birthmarks/bzip2_amd64_linux_go_cf343d1a.json,birthmarks/bzip2_arm64_linux_rs-sys_e5a5c625.json,246948417792
272,0.3578445424928163,birthmarks/bzip2_amd64_linux_go_cf343d1a.json,birthmarks/bzip2_arm64_linux_tgo_d72531be.json,69155031958
273,0.8230592298187891,birthmarks/bzip2_amd64_linux_go_cf343d1a.json,birthmarks/bzip2_arm64_windows_clang.exe_797eefb0.json,119981111583
274,0.03838312611388339,birthmarks/bzip2_amd64_linux_go_cf343d1a.json,birthmarks/bzip2_arm64_windows_gcc.exe_4b1549dd.json,10092482542
275,0.6314454319983348,birthmarks/bzip2_amd64_linux_go_cf343d1a.json,birthmarks/bzip2_arm64_windows_go.exe_ed2de88c.json,119636161042
276,0.04731178632977711,birthmarks/bzip2_amd64_linux_go_cf343d1a.json,birthmarks/bzip2_arm64_windows_msvc.exe_22595510.json,12624662459
277,0.11766416477328144,birthmarks/bzip2_amd64_linux_go_cf343d1a.json,birthmarks/bzip2_arm64_windows_rs-pure.exe_1f25dd7f.json,1661282659833
278,0.12029735022055896,birthmarks/bzip2_amd64_linux_go_cf343d1a.json,birthmarks/bzip2_arm64_windows_rs-sys.exe_d6a1dc5d.json,1604900525792
279,0.9837153622331984,birthmarks/bzip2_amd64_linux_rs-pure_f4511389.json,birthmarks/bzip2_amd64_linux_rs-sys_9751c6e7.json,609183878208
28,0.04818594997744511,birthmarks/bzip2_amd64_darwin_clang_bb422561.json,birthmarks/bzip2_arm64_linux_tgo_d72531be.json,23128584042
280,0.17458153081244976,birthmarks/bzip2_amd64_linux_rs-pure_f4511389.json,birthmarks/bzip2_amd64_linux_tgo_cc1b5a2d.json,90585690500
281,0.5149578901174704,birthmarks/bzip2_amd64_linux_rs-pure_f4511389.json,birthmarks/bzip2_amd64_windows_clang.exe_fb68290e.json,264821741083
282,0.02953455540840493,birthmarks/bzip2_amd64_linux_rs-pure_f4511389.json,birthmarks/bzip2_amd64_windows_gcc.exe_2a5000a8.json,16838712167
283,0.5999577053339569,birthmarks/bzip2_amd64_linux_rs-pure_f4511389.json,birthmarks/bzip2_amd64_windows_go.exe_8d915129.json,330199951417
284,0.03529653952563389,birthmarks/bzip2_amd64_linux_rs-pure_f4511389.json,birthmarks/bzip2_amd64_windows_msvc.exe_4eddc4d6.json,19593223792
285,0.13342143814416704,birthmarks/bzip2_amd64_linux_rs-pure_f4511389.json,birthmarks/bzip2_amd64_windows_rs-pure.exe_5b22b00c.json,5609715482208
286,0.13664841719253143,birthmarks/bzip2_amd64_linux_rs-pure_f4511389.json,birthmarks/bzip2_amd64_windows_rs-sys.exe_3e3736a4.json,5101793010500
287,0.017485463178781302,birthmarks/bzip2_amd64_linux_rs-pure_f4511389.json,birthmarks/bzip2_arm64_darwin_clang_34392dac.json,23972312334
288,0.018770868383487307,birthmarks/bzip2_amd64_linux_rs-pure_f4511389.json,birthmarks/bzip2_arm64_darwin_gcc_3894c17c.json,15331542459
289,0.5890510302413479,birthmarks/bzip2_amd64_linux_rs-pure_f4511389.json,birthmarks/bzip2_arm64_darwin_go_293ce2f9.json,544823068833
29,0.022968457034147044,birthmarks/bzip2_amd64_darwin_clang_bb422561.json,birthmarks/bzip2_arm64_windows_clang.exe_797eefb0.json,50476936583
290,0.8021302811516126,birthmarks/bzip2_amd64_linux_rs-pure_f4511389.json,birthmarks/bzip2_arm64_darwin_rs-pure_9d252a8f.json,772796545959
291,0.7942585093051479,birthmarks/bzip2_amd64_linux_rs-pure_f4511389.json,birthmarks/bzip2_arm64_darwin_rs-sys_b370b5cd.json,784409638333
292,0.2040413436886296,birthmarks/bzip2_amd64_linux_rs-pure_f4511389.json,birthmarks/bzip2_arm64_darwin_tgo_f357c0bc.json,205209554542
293,0.018933406950948008,birthmarks/bzip2_amd64_linux_rs-pure_f4511389.json,birthmarks/bzip2_arm64_linux_clang_375294fc.json,30723341166
294,0.022092224920553093,birthmarks/bzip2_amd64_linux_rs-pure_f4511389.json,birthmarks/bzip2_arm64_linux_gcc_a5af3ca9.json,30501539458
295,0.5864553795638717,birthmarks/bzip2_amd64_linux_rs-pure_f4511389.json,birthmarks/bzip2_arm64_linux_go_3b3448f2.json,509652951416
296,0.8028606069974435,birthmarks/bzip2_amd64_linux_rs-pure_f4511389.json,birthmarks/bzip2_arm64_linux_rs-pure_927550bd.json,688698409375
297,0.7924273983432861,birthmarks/bzip2_amd64_linux_rs-pure_f4511389.json,birthmarks/bzip2_arm64_linux_rs-sys_e5a5c625.json,615409678333
298,0.2543640949480442,birthmarks/bzip2_amd64_linux_rs-pure_f4511389.json,birthmarks/bzip2_arm64_linux_tgo_d72531be.json,194797722292
299,0.6178006545531816,birthmarks/bzip2_amd64_linux_rs-pure_f4511389.json,birthmarks/bzip2_arm64_windows_clang.exe_797eefb0.json,366244238875
3,0.017365555455854383,birthmarks/bzip2_amd64_darwin_clang_bb422561.json,birthmarks/bzip2_amd64_darwin_rs-sys_26d20788.json,59021997333
30,0.5449272532382815,birthmarks/bzip2_amd64_darwin_clang_bb422561.json,birthmarks/bzip2_arm64_windows_gcc.exe_4b1549dd.json,3108121708
300,0.02853557502045126,birthmarks/bzip2_amd64_linux_rs-pure_f4511389.json,birthmarks/bzip2_arm64_windows_gcc.exe_4b1549dd.json,23856073709
301,0.46425192582483593,birthmarks/bzip2_amd64_linux_rs-pure_f4511389.json,birthmarks/bzip2_arm64_windows_go.exe_ed2de88c.json,301512533583
302,0.035421746134956106,birthmarks/bzip2_amd64_linux_rs-pure_f4511389.json,birthmarks/bzip2_arm64_windows_msvc.exe_22595510.json,31930489458
303,0.15101900831539958,birthmarks/bzip2_amd64_linux_rs-pure_f4511389.json,birthmarks/bzip2_arm64_windows_rs-pure.exe_1f25dd7f.json,4091317132500
304,0.1543898303665652,birthmarks/bzip2_amd64_linux_rs-pure_f4511389.json,birthmarks/bzip2_arm64_windows_rs-sys.exe_d6a1dc5d.json,4021561842625
305,0.17733952083172577,birthmarks/bzip2_amd64_linux_rs-sys_9751c6e7.json,birthmarks/bzip2_amd64_linux_tgo_cc1b5a2d.json,122819678584
306,0.5218224927130524,birthmarks/bzip2_amd64_linux_rs-sys_9751c6e7.json,birthmarks/bzip2_amd64_windows_clang.exe_fb68290e.json,303987239416
307,0.02999595085422568,birthmarks/bzip2_amd64_linux_rs-sys_9751c6e7.json,birthmarks/bzip2_amd64_windows_gcc.exe_2a5000a8.json,20359887667
308,0.6086832770173792,birthmarks/bzip2_amd64_linux_rs-sys_9751c6e7.json,birthmarks/bzip2_amd64_windows_go.exe_8d915129.json,367077551417
309,0.03583397413063216,birthmarks/bzip2_amd64_linux_rs-sys_9751c6e7.json,birthmarks/bzip2_amd64_windows_msvc.exe_4eddc4d6.json,22959151583
31,0.03360572224685503,birthmarks/bzip2_amd64_darwin_clang_bb422561.json,birthmarks/bzip2_arm64_windows_go.exe_ed2de88c.json,49855552667
310,0.13159388481394538,birthmarks/bzip2_amd64_linux_rs-sys_9751c6e7.json,birthmarks/bzip2_amd64_windows_rs-pure.exe_5b22b00c.json,7066832560625
311,0.134779979249775,birthmarks/bzip2_amd64_linux_rs-sys_9751c6e7.json,birthmarks/bzip2_amd64_windows_rs-sys.exe_3e3736a4.json,6506612592208
312,0.017760337507088005,birthmarks/bzip2_amd64_linux_rs-sys_9751c6e7.json,birthmarks/bzip2_arm64_darwin_clang_34392dac.json,25274813334
313,0.019068586416197658,birthmarks/bzip2_amd64_linux_rs-sys_9751c6e7.json,birthmarks/bzip2_arm64_darwin_gcc_3894c17c.json,14843783959
314,0.5969660117458613,birthmarks/bzip2_amd64_linux_rs-sys_9751c6e7.json,birthmarks/bzip2_arm64_darwin_go_293ce2f9.json,439014031208
315,0.8078592086776085,birthmarks/bzip2_amd64_linux_rs-sys_9751c6e7.json,birthmarks/bzip2_arm64_darwin_rs-pure_9d252a8f.json,588933817708
316,0.8004884515388239,birthmarks/bzip2_amd64_linux_rs-sys_9751c6e7.json,birthmarks/bzip2_arm64_darwin_rs-sys_b370b5cd.json,587268095542
317,0.20654448645922074,birthmarks/bzip2_amd64_linux_rs-sys_9751c6e7.json,birthmarks/bzip2_arm64_darwin_tgo_f357c0bc.json,152921716084
318,0.019242510118486576,birthmarks/bzip2_amd64_linux_rs-sys_9751c6e7.json,birthmarks/bzip2_arm64_linux_clang_375294fc.json,19850043959
319,0.022456611214338996,birthmarks/bzip2_amd64_linux_rs-sys_9751c6e7.json,birthmarks/bzip2_arm64_linux_gcc_a5af3ca9.json,19883204208
32,0.4366864608716472,birthmarks/bzip2_amd64_darwin_clang_bb422561.json,birthmarks/bzip2_arm64_windows_msvc.exe_22595510.json,3105772167
320,0.5939410498076518,birthmarks/bzip2_amd64_linux_rs-sys_9751c6e7.json,birthmarks/bzip2_arm64_linux_go_3b3448f2.json,395832130250
321,0.7968685331104735,birthmarks/bzip2_amd64_linux_rs-sys_9751c6e7.json,birthmarks/bzip2_arm64_linux_rs-pure_927550bd.json,597338213834
322,0.7989017140533744,birthmarks/bzip2_amd64_linux_rs-sys_9751c6e7.json,birthmarks/bzip2_arm64_linux_rs-sys_e5a5c625.json,655664409500
323,0.2576915850596255,birthmarks/bzip2_amd64_linux_rs-sys_9751c6e7.json,birthmarks/bzip2_arm64_linux_tgo_d72531be.json,184196585584
324,0.6259019078003225,birthmarks/bzip2_amd64_linux_rs-sys_9751c6e7.json,birthmarks/bzip2_arm64_windows_clang.exe_797eefb0.json,412009948125
325,0.029006434436349177,birthmarks/bzip2_amd64_linux_rs-sys_9751c6e7.json,birthmarks/bzip2_arm64_windows_gcc.exe_4b1549dd.json,21267281958
326,0.4709385338797886,birthmarks/bzip2_amd64_linux_rs-sys_9751c6e7.json,birthmarks/bzip2_arm64_windows_go.exe_ed2de88c.json,352570985834
327,0.035929618701242394,birthmarks/bzip2_amd64_linux_rs-sys_9751c6e7.json,birthmarks/bzip2_arm64_windows_msvc.exe_22595510.json,31400269500
328,0.14895163103969888,birthmarks/bzip2_amd64_linux_rs-sys_9751c6e7.json,birthmarks/bzip2_arm64_windows_rs-pure.exe_1f25dd7f.json,6846387303208
329,0.1522766423905915,birthmarks/bzip2_amd64_linux_rs-sys_9751c6e7.json,birthmarks/bzip2_arm64_windows_rs-sys.exe_d6a1dc5d.json,6345512478417
33,0.0029376939785790116,birthmarks/bzip2_amd64_darwin_clang_bb422561.json,birthmarks/bzip2_arm64_windows_rs-pure.exe_1f25dd7f.json,11187935855667
330,0.2934319403579063,birthmarks/bzip2_amd64_linux_tgo_cc1b5a2d.json,birthmarks/bzip2_amd64_windows_clang.exe_fb68290e.json,51796495250
331,0.14424299803665042,birthmarks/bzip2_amd64_linux_tgo_cc1b5a2d.json,birthmarks/bzip2_amd64_windows_gcc.exe_2a5000a8.json,3821271584
332,0.2616223674223454,birthmarks/bzip2_amd64_linux_tgo_cc1b5a2d.json,birthmarks/bzip2_amd64_windows_go.exe_8d915129.json,81364865959
333,0.17117565662209058,birthmarks/bzip2_amd64_linux_tgo_cc1b5a2d.json,birthmarks/bzip2_amd64_windows_msvc.exe_4eddc4d6.json,5058326917
334,0.027585135155083856,birthmarks/bzip2_amd64_linux_tgo_cc1b5a2d.json,birthmarks/bzip2_amd64_windows_rs-pure.exe_5b22b00c.json,2867130075209
335,0.028250722712551916,birthmarks/bzip2_amd64_linux_tgo_cc1b5a2d.json,birthmarks/bzip2_amd64_windows_rs-sys.exe_3e3736a4.json,2676189213833
336,0.08395800789306147,birthmarks/bzip2_amd64_linux_tgo_cc1b5a2d.json,birthmarks/bzip2_arm64_darwin_clang_34392dac.json,6862182667
337,0.0898017689961851,birthmarks/bzip2_amd64_linux_tgo_cc1b5a2d.json,birthmarks/bzip2_arm64_darwin_gcc_3894c17c.json,3384965791
338,0.23867825573773827,birthmarks/bzip2_amd64_linux_tgo_cc1b5a2d.json,birthmarks/bzip2_arm64_darwin_go_293ce2f9.json,81133134708
339,0.18542342669304496,birthmarks/bzip2_amd64_linux_tgo_cc1b5a2d.json,birthmarks/bzip2_arm64_darwin_rs-pure_9d252a8f.json,129324787166
34,0.0030046226301381263,birthmarks/bzip2_amd64_darwin_clang_bb422561.json,birthmarks/bzip2_arm64_windows_rs-sys.exe_d6a1dc5d.json,9579093471541
340,0.18776328248440802,birthmarks/bzip2_amd64_linux_tgo_cc1b5a2d.json,birthmarks/bzip2_arm64_darwin_rs-sys_b370b5cd.json,138291475375
341,0.582339900173112,birthmarks/bzip2_amd64_linux_tgo_cc1b5a2d.json,birthmarks/bzip2_arm64_darwin_tgo_f357c0bc.json,26664792708
342,0.09197758365233509,birthmarks/bzip2_amd64_linux_tgo_cc1b5a2d.json,birthmarks/bzip2_arm64_linux_clang_375294fc.json,3732426375
343,0.10888799764752397,birthmarks/bzip2_amd64_linux_tgo_cc1b5a2d.json,birthmarks/bzip2_arm64_linux_gcc_a5af3ca9.json,3819794750
344,0.2298887905735584,birthmarks/bzip2_amd64_linux_tgo_cc1b5a2d.json,birthmarks/bzip2_arm64_linux_go_3b3448f2.json,73563349209
345,0.18391955035414537,birthmarks/bzip2_amd64_linux_tgo_cc1b5a2d.json,birthmarks/bzip2_arm64_linux_rs-pure_927550bd.json,112435689042
346,0.1867328039387376,birthmarks/bzip2_amd64_linux_tgo_cc1b5a2d.json,birthmarks/bzip2_arm64_linux_rs-sys_e5a5c625.json,110189250375
347,0.5325553363428973,birthmarks/bzip2_amd64_linux_tgo_cc1b5a2d.json,birthmarks/bzip2_arm64_linux_tgo_d72531be.json,27056812208
348,0.23583972604485415,birthmarks/bzip2_amd64_linux_tgo_cc1b5a2d.json,birthmarks/bzip2_arm64_windows_clang.exe_797eefb0.json,55775516667
349,0.14084089445961723,birthmarks/bzip2_amd64_linux_tgo_cc1b5a2d.json,birthmarks/bzip2_arm64_windows_gcc.exe_4b1549dd.json,3655076625
35,0.024379482590921046,birthmarks/bzip2_amd64_darwin_gcc_61bd47af.json,birthmarks/bzip2_amd64_darwin_go_e1d42f63.json,16372569250
350,0.33573754425607905,birthmarks/bzip2_amd64_linux_tgo_cc1b5a2d.json,birthmarks/bzip2_arm64_windows_go.exe_ed2de88c.json,48648483708
351,0.16846790342087417,birthmarks/bzip2_amd64_linux_tgo_cc1b5a2d.json,birthmarks/bzip2_arm64_windows_msvc.exe_22595510.json,4456017000
352,0.0314137907475145,birthmarks/bzip2_amd64_linux_tgo_cc1b5a2d.json,birthmarks/bzip2_arm64_windows_rs-pure.exe_1f25dd7f.json,2323372012458
353,0.032123654127718115,birthmarks/bzip2_amd64_linux_tgo_cc1b5a2d.json,birthmarks/bzip2_arm64_windows_rs-sys.exe_d6a1dc5d.json,2213881801834
354,0.04955584946373817,birthmarks/bzip2_amd64_windows_clang.exe_fb68290e.json,birthmarks/bzip2_amd64_windows_gcc.exe_2a5000a8.json,9804577583
355,0.7557411447283452,birthmarks/bzip2_amd64_windows_clang.exe_fb68290e.json,birthmarks/bzip2_amd64_windows_go.exe_8d915129.json,172903512166
356,0.061477119205940574,birthmarks/bzip2_amd64_windows_clang.exe_fb68290e.json,birthmarks/bzip2_amd64_windows_msvc.exe_4eddc4d6.json,10092232667
357,0.08492947533837682,birthmarks/bzip2_amd64_windows_clang.exe_fb68290e.json,birthmarks/bzip2_amd64_windows_rs-pure.exe_5b22b00c.json,4594671071083
358,0.08696769064473676,birthmarks/bzip2_amd64_windows_clang.exe_fb68290e.json,birthmarks/bzip2_amd64_windows_rs-sys.exe_3e3736a4.json,4473506238500
359,0.029112897030735194,birthmarks/bzip2_amd64_windows_clang.exe_fb68290e.json,birthmarks/bzip2_arm64_darwin_clang_34392dac.json,18051494375
36,0.018287733552654256,birthmarks/bzip2_amd64_darwin_gcc_61bd47af.json,birthmarks/bzip2_amd64_darwin_rs-pure_b656f970.json,17716531292
360,0.031155797359785044,birthmarks/bzip2_amd64_windows_clang.exe_fb68290e.json,birthmarks/bzip2_arm64_darwin_gcc_3894c17c.json,8229286000
361,0.6851315081374327,birthmarks/bzip2_amd64_windows_clang.exe_fb68290e.json,birthmarks/bzip2_arm64_darwin_go_293ce2f9.json,165596481416
362,0.5641323703979214,birthmarks/bzip2_amd64_windows_clang.exe_fb68290e.json,birthmarks/bzip2_arm64_darwin_rs-pure_9d252a8f.json,249994036584
363,0.5712266647159635,birthmarks/bzip2_amd64_windows_clang.exe_fb68290e.json,birthmarks/bzip2_arm64_darwin_rs-sys_b370b5cd.json,253817157708
364,0.37298753399895,birthmarks/bzip2_amd64_windows_clang.exe_fb68290e.json,birthmarks/bzip2_arm64_darwin_tgo_f357c0bc.json,64332902167
365,0.03129182177210663,birthmarks/bzip2_amd64_windows_clang.exe_fb68290e.json,birthmarks/bzip2_arm64_linux_clang_375294fc.json,10737576167
366,0.0369952998075157,birthmarks/bzip2_amd64_windows_clang.exe_fb68290e.json,birthmarks/bzip2_arm64_linux_gcc_a5af3ca9.json,9704525333
367,0.6800449855562278,birthmarks/bzip2_amd64_windows_clang.exe_fb68290e.json,birthmarks/bzip2_arm64_linux_go_3b3448f2.json,156265024459
368,0.5595410925933714,birthmarks/bzip2_amd64_windows_clang.exe_fb68290e.json,birthmarks/bzip2_arm64_linux_rs-pure_927550bd.json,232710818917
369,0.5682557777497262,birthmarks/bzip2_amd64_windows_clang.exe_fb68290e.json,birthmarks/bzip2_arm64_linux_rs-sys_e5a5c625.json,207085122667
37,0.018556793505243228,birthmarks/bzip2_amd64_darwin_gcc_61bd47af.json,birthmarks/bzip2_amd64_darwin_rs-sys_26d20788.json,17856406750
370,0.4500938093063604,birthmarks/bzip2_amd64_windows_clang.exe_fb68290e.json,birthmarks/bzip2_arm64_linux_tgo_d72531be.json,58563396334
371,0.7674456244609782,birthmarks/bzip2_amd64_windows_clang.exe_fb68290e.json,birthmarks/bzip2_arm64_windows_clang.exe_797eefb0.json,80299542250
372,0.04778937814091023,birthmarks/bzip2_amd64_windows_clang.exe_fb68290e.json,birthmarks/bzip2_arm64_windows_gcc.exe_4b1549dd.json,6452796625
373,0.7230660186150728,birthmarks/bzip2_amd64_windows_clang.exe_fb68290e.json,birthmarks/bzip2_arm64_windows_go.exe_ed2de88c.json,82811341083
374,0.05902051575308068,birthmarks/bzip2_amd64_windows_clang.exe_fb68290e.json,birthmarks/bzip2_arm64_windows_msvc.exe_22595510.json,8255628208
375,0.09656901706585662,birthmarks/bzip2_amd64_windows_clang.exe_fb68290e.json,birthmarks/bzip2_arm64_windows_rs-pure.exe_1f25dd7f.json,2762385286583
376,0.09873431379365356,birthmarks/bzip2_amd64_windows_clang.exe_fb68290e.json,birthmarks/bzip2_arm64_windows_rs-sys.exe_d6a1dc5d.json,2669684265000
377,0.043540822116709316,birthmarks/bzip2_amd64_windows_gcc.exe_2a5000a8.json,birthmarks/bzip2_amd64_windows_go.exe_8d915129.json,13710228709
378,0.726246040906535,birthmarks/bzip2_amd64_windows_gcc.exe_2a5000a8.json,birthmarks/bzip2_amd64_windows_msvc.exe_4eddc4d6.json,602407084
379,0.004501684844243257,birthmarks/bzip2_amd64_windows_gcc.exe_2a5000a8.json,birthmarks/bzip2_amd64_windows_rs-pure.exe_5b22b00c.json,2775822420458
38,0.10727258180007418,birthmarks/bzip2_amd64_darwin_gcc_61bd47af.json,birthmarks/bzip2_amd64_darwin_tgo_6170c260.json,6538740833
380,0.004609094422019983,birthmarks/bzip2_amd64_windows_gcc.exe_2a5000a8.json,birthmarks/bzip2_amd64_windows_rs-sys.exe_3e3736a4.json,2579290014875
381,0.5352161645381763,birthmarks/bzip2_amd64_windows_gcc.exe_2a5000a8.json,birthmarks/bzip2_arm64_darwin_clang_34392dac.json,677733667
382,0.5716222723339462,birthmarks/bzip2_amd64_windows_gcc.exe_2a5000a8.json,birthmarks/bzip2_arm64_darwin_gcc_3894c17c.json,350135625
383,0.04030923412936877,birthmarks/bzip2_amd64_windows_gcc.exe_2a5000a8.json,birthmarks/bzip2_arm64_darwin_go_293ce2f9.json,14776060583
384,0.030609954610243146,birthmarks/bzip2_amd64_windows_gcc.exe_2a5000a8.json,birthmarks/bzip2_arm64_darwin_rs-pure_9d252a8f.json,24287455959
385,0.03100519283985381,birthmarks/bzip2_amd64_windows_gcc.exe_2a5000a8.json,birthmarks/bzip2_arm64_darwin_rs-sys_b370b5cd.json,24655139542
386,0.10168648153621059,birthmarks/bzip2_amd64_windows_gcc.exe_2a5000a8.json,birthmarks/bzip2_arm64_darwin_tgo_f357c0bc.json,3390368625
387,0.5913757558585617,birthmarks/bzip2_amd64_windows_gcc.exe_2a5000a8.json,birthmarks/bzip2_arm64_linux_clang_375294fc.json,433857041
388,0.70097553810203,birthmarks/bzip2_amd64_windows_gcc.exe_2a5000a8.json,birthmarks/bzip2_arm64_linux_gcc_a5af3ca9.json,427008500
389,0.039956640508319645,birthmarks/bzip2_amd64_windows_gcc.exe_2a5000a8.json,birthmarks/bzip2_arm64_linux_go_3b3448f2.json,17436290000
39,0.8494430222345312,birthmarks/bzip2_amd64_darwin_gcc_61bd47af.json,birthmarks/bzip2_amd64_linux_clang_ad366643.json,1770857125
390,0.030331665919501247,birthmarks/bzip2_amd64_windows_gcc.exe_2a5000a8.json,birthmarks/bzip2_arm64_linux_rs-pure_927550bd.json,24163132041
391,0.030796162247146805,birthmarks/bzip2_amd64_windows_gcc.exe_2a5000a8.json,birthmarks/bzip2_arm64_linux_rs-sys_e5a5c625.json,24074256125
392,0.08381668520610312,birthmarks/bzip2_amd64_windows_gcc.exe_2a5000a8.json,birthmarks/bzip2_arm64_linux_tgo_d72531be.json,3902981375
393,0.039941616474277776,birthmarks/bzip2_amd64_windows_gcc.exe_2a5000a8.json,birthmarks/bzip2_arm64_windows_clang.exe_797eefb0.json,11482945375
394,0.90291220353578,birthmarks/bzip2_amd64_windows_gcc.exe_2a5000a8.json,birthmarks/bzip2_arm64_windows_gcc.exe_4b1549dd.json,435604875
395,0.05799335259622533,birthmarks/bzip2_amd64_windows_gcc.exe_2a5000a8.json,birthmarks/bzip2_arm64_windows_go.exe_ed2de88c.json,8411019458
396,0.7331917944905948,birthmarks/bzip2_amd64_windows_gcc.exe_2a5000a8.json,birthmarks/bzip2_arm64_windows_msvc.exe_22595510.json,581499125
397,0.0051311034749959225,birthmarks/bzip2_amd64_windows_gcc.exe_2a5000a8.json,birthmarks/bzip2_arm64_windows_rs-pure.exe_1f25dd7f.json,902434471875
398,0.005249470901045522,birthmarks/bzip2_amd64_windows_gcc.exe_2a5000a8.json,birthmarks/bzip2_arm64_windows_rs-sys.exe_d6a1dc5d.json,834037117583
399,0.05265979707804943,birthmarks/bzip2_amd64_windows_go.exe_8d915129.json,birthmarks/bzip2_amd64_windows_msvc.exe_4eddc4d6.json,9235563750
4,0.10046841581607456,birthmarks/bzip2_amd64_darwin_clang_bb422561.json,birthmarks/bzip2_amd64_darwin_tgo_6170c260.json,6335670625
40,0.8207141275933004,birthmarks/bzip2_amd64_darwin_gcc_61bd47af.json,birthmarks/bzip2_amd64_linux_gcc_ccc4cf10.json,220029625
400,0.09416090482125337,birthmarks/bzip2_amd64_windows_go.exe_8d915129.json,birthmarks/bzip2_amd64_windows_rs-pure.exe_5b22b00c.json,3028696370917
401,0.09642255959087385,birthmarks/bzip2_amd64_windows_go.exe_8d915129.json,birthmarks/bzip2_amd64_windows_rs-sys.exe_3e3736a4.json,2913705307500
402,0.025684500050707694,birthmarks/bzip2_amd64_windows_go.exe_8d915129.json,birthmarks/bzip2_arm64_darwin_clang_34392dac.json,15549817000
403,0.027434782174373066,birthmarks/bzip2_amd64_windows_go.exe_8d915129.json,birthmarks/bzip2_arm64_darwin_gcc_3894c17c.json,7839937792
404,0.7346538417331476,birthmarks/bzip2_amd64_windows_go.exe_8d915129.json,birthmarks/bzip2_arm64_darwin_go_293ce2f9.json,170382267458
405,0.6075639761332122,birthmarks/bzip2_amd64_windows_go.exe_8d915129.json,birthmarks/bzip2_arm64_darwin_rs-pure_9d252a8f.json,243195652792
406,0.6139032380774277,birthmarks/bzip2_amd64_windows_go.exe_8d915129.json,birthmarks/bzip2_arm64_darwin_rs-sys_b370b5cd.json,247299725750
407,0.3116695288500877,birthmarks/bzip2_amd64_windows_go.exe_8d915129.json,birthmarks/bzip2_arm64_darwin_tgo_f357c0bc.json,61419993334
408,0.02768887778471726,birthmarks/bzip2_amd64_windows_go.exe_8d915129.json,birthmarks/bzip2_arm64_linux_clang_375294fc.json,9790019041
409,0.03281008169539618,birthmarks/bzip2_amd64_windows_go.exe_8d915129.json,birthmarks/bzip2_arm64_linux_gcc_a5af3ca9.json,9098875708
41,0.024089450811858853,birthmarks/bzip2_amd64_darwin_gcc_61bd47af.json,birthmarks/bzip2_amd64_linux_go_cf343d1a.json,10020052959
410,0.7344078933321709,birthmarks/bzip2_amd64_windows_go.exe_8d915129.json,birthmarks/bzip2_arm64_linux_go_3b3448f2.json,166541712375
411,0.6017315019308219,birthmarks/bzip2_amd64_windows_go.exe_8d915129.json,birthmarks/bzip2_arm64_linux_rs-pure_927550bd.json,247023232542
412,0.6092057378603274,birthmarks/bzip2_amd64_windows_go.exe_8d915129.json,birthmarks/bzip2_arm64_linux_rs-sys_e5a5c625.json,242197460208
413,0.37656327239934984,birthmarks/bzip2_amd64_windows_go.exe_8d915129.json,birthmarks/bzip2_arm64_linux_tgo_d72531be.json,68634138417
414,0.7555657712187803,birthmarks/bzip2_amd64_windows_go.exe_8d915129.json,birthmarks/bzip2_arm64_windows_clang.exe_797eefb0.json,124213172458
415,0.04237112305564162,birthmarks/bzip2_amd64_windows_go.exe_8d915129.json,birthmarks/bzip2_arm64_windows_gcc.exe_4b1549dd.json,8898464833
416,0.6960018512992847,birthmarks/bzip2_amd64_windows_go.exe_8d915129.json,birthmarks/bzip2_arm64_windows_go.exe_ed2de88c.json,120667724166
417,0.05208583431431943,birthmarks/bzip2_amd64_windows_go.exe_8d915129.json,birthmarks/bzip2_arm64_windows_msvc.exe_22595510.json,11622318958
418,0.10710684619879263,birthmarks/bzip2_amd64_windows_go.exe_8d915129.json,birthmarks/bzip2_arm64_windows_rs-pure.exe_1f25dd7f.json,1705884426500
419,0.10953292705787773,birthmarks/bzip2_amd64_windows_go.exe_8d915129.json,birthmarks/bzip2_arm64_windows_rs-sys.exe_d6a1dc5d.json,1640615342125
42,0.018171184798808245,birthmarks/bzip2_amd64_darwin_gcc_61bd47af.json,birthmarks/bzip2_amd64_linux_rs-pure_f4511389.json,32949096958
420,0.005600086730039247,birthmarks/bzip2_amd64_windows_msvc.exe_4eddc4d6.json,birthmarks/bzip2_amd64_windows_rs-pure.exe_5b22b00c.json,1992841882291
421,0.005735015063423487,birthmarks/bzip2_amd64_windows_msvc.exe_4eddc4d6.json,birthmarks/bzip2_amd64_windows_rs-sys.exe_3e3736a4.json,1924184078250
422,0.4384856461879611,birthmarks/bzip2_amd64_windows_msvc.exe_4eddc4d6.json,birthmarks/bzip2_arm64_darwin_clang_34392dac.json,921045333
423,0.4705264492118803,birthmarks/bzip2_amd64_windows_msvc.exe_4eddc4d6.json,birthmarks/bzip2_arm64_darwin_gcc_3894c17c.json,436620667
424,0.04845179735734206,birthmarks/bzip2_amd64_windows_msvc.exe_4eddc4d6.json,birthmarks/bzip2_arm64_darwin_go_293ce2f9.json,13611032083
425,0.03727063183897204,birthmarks/bzip2_amd64_windows_msvc.exe_4eddc4d6.json,birthmarks/bzip2_arm64_darwin_rs-pure_9d252a8f.json,21981245375
426,0.03772952691792016,birthmarks/bzip2_amd64_windows_msvc.exe_4eddc4d6.json,birthmarks/bzip2_arm64_darwin_rs-sys_b370b5cd.json,22328574958
427,0.12347875006143319,birthmarks/bzip2_amd64_windows_msvc.exe_4eddc4d6.json,birthmarks/bzip2_arm64_darwin_tgo_f357c0bc.json,3419059042
428,0.4632420648966726,birthmarks/bzip2_amd64_windows_msvc.exe_4eddc4d6.json,birthmarks/bzip2_arm64_linux_clang_375294fc.json,496388834
429,0.542420195980982,birthmarks/bzip2_amd64_windows_msvc.exe_4eddc4d6.json,birthmarks/bzip2_arm64_linux_gcc_a5af3ca9.json,478550792
43,0.018461526044778943,birthmarks/bzip2_amd64_darwin_gcc_61bd47af.json,birthmarks/bzip2_amd64_linux_rs-sys_9751c6e7.json,32160368375
430,0.048361272863705215,birthmarks/bzip2_amd64_windows_msvc.exe_4eddc4d6.json,birthmarks/bzip2_arm64_linux_go_3b3448f2.json,14378806375
431,0.036908331431569526,birthmarks/bzip2_amd64_windows_msvc.exe_4eddc4d6.json,birthmarks/bzip2_arm64_linux_rs-pure_927550bd.json,22041753834
432,0.037473659639406603,birthmarks/bzip2_amd64_windows_msvc.exe_4eddc4d6.json,birthmarks/bzip2_arm64_linux_rs-sys_e5a5c625.json,22309851250
433,0.10011346955032789,birthmarks/bzip2_amd64_windows_msvc.exe_4eddc4d6.json,birthmarks/bzip2_arm64_linux_tgo_d72531be.json,3693435583
434,0.04883824397309107,birthmarks/bzip2_amd64_windows_msvc.exe_4eddc4d6.json,birthmarks/bzip2_arm64_windows_clang.exe_797eefb0.json,9353411750
435,0.7009067320688466,birthmarks/bzip2_amd64_windows_msvc.exe_4eddc4d6.json,birthmarks/bzip2_arm64_windows_gcc.exe_4b1549dd.json,445758041
436,0.06983397574914312,birthmarks/bzip2_amd64_windows_msvc.exe_4eddc4d6.json,birthmarks/bzip2_arm64_windows_go.exe_ed2de88c.json,8050577458
437,0.8669378681056399,birthmarks/bzip2_amd64_windows_msvc.exe_4eddc4d6.json,birthmarks/bzip2_arm64_windows_msvc.exe_22595510.json,614281167
438,0.006308079713677677,birthmarks/bzip2_amd64_windows_msvc.exe_4eddc4d6.json,birthmarks/bzip2_arm64_windows_rs-pure.exe_1f25dd7f.json,1348771204875
439,0.006461816333059346,birthmarks/bzip2_amd64_windows_msvc.exe_4eddc4d6.json,birthmarks/bzip2_arm64_windows_rs-sys.exe_d6a1dc5d.json,974199918583
44,0.08711746544000501,birthmarks/bzip2_amd64_darwin_gcc_61bd47af.json,birthmarks/bzip2_amd64_linux_tgo_cc1b5a2d.json,1920023083
440,0.9749580434782421,birthmarks/bzip2_amd64_windows_rs-pure.exe_5b22b00c.json,birthmarks/bzip2_amd64_windows_rs-sys.exe_3e3736a4.json,8481716126917
441,0.0026259868230796572,birthmarks/bzip2_amd64_windows_rs-pure.exe_5b22b00c.json,birthmarks/bzip2_arm64_darwin_clang_34392dac.json,174108518542
442,0.002813198704349569,birthmarks/bzip2_amd64_windows_rs-pure.exe_5b22b00c.json,birthmarks/bzip2_arm64_darwin_gcc_3894c17c.json,118002155959
443,0.09408210121599489,birthmarks/bzip2_amd64_windows_rs-pure.exe_5b22b00c.json,birthmarks/bzip2_arm64_darwin_go_293ce2f9.json,1334182266000
444,0.13392522701219306,birthmarks/bzip2_amd64_windows_rs-pure.exe_5b22b00c.json,birthmarks/bzip2_arm64_darwin_rs-pure_9d252a8f.json,1736888031750
445,0.1324808296633955,birthmarks/bzip2_amd64_windows_rs-pure.exe_5b22b00c.json,birthmarks/bzip2_arm64_darwin_rs-sys_b370b5cd.json,1750374006041
446,0.041431791248460505,birthmarks/bzip2_amd64_windows_rs-pure.exe_5b22b00c.json,birthmarks/bzip2_arm64_darwin_tgo_f357c0bc.json,409396185167
447,0.0028352073218636453,birthmarks/bzip2_amd64_windows_rs-pure.exe_5b22b00c.json,birthmarks/bzip2_arm64_linux_clang_375294fc.json,112414187375
448,0.0033642561634834997,birthmarks/bzip2_amd64_windows_rs-pure.exe_5b22b00c.json,birthmarks/bzip2_arm64_linux_gcc_a5af3ca9.json,86366592041
449,0.09395568283928005,birthmarks/bzip2_amd64_windows_rs-pure.exe_5b22b00c.json,birthmarks/bzip2_arm64_linux_go_3b3448f2.json,1143321791500
45,0.030264414265333786,birthmarks/bzip2_amd64_darwin_gcc_61bd47af.json,birthmarks/bzip2_amd64_windows_clang.exe_fb68290e.json,7970581167
450,0.13563532490288494,birthmarks/bzip2_amd64_windows_rs-pure.exe_5b22b00c.json,birthmarks/bzip2_arm64_linux_rs-pure_927550bd.json,1920368150583
451,0.13375607734846728,birthmarks/bzip2_amd64_windows_rs-pure.exe_5b22b00c.json,birthmarks/bzip2_arm64_linux_rs-sys_e5a5c625.json,1925797473417
452,0.04986093936172405,birthmarks/bzip2_amd64_windows_rs-pure.exe_5b22b00c.json,birthmarks/bzip2_arm64_linux_tgo_d72531be.json,453728325041
453,0.1046678283140968,birthmarks/bzip2_amd64_windows_rs-pure.exe_5b22b00c.json,birthmarks/bzip2_arm64_windows_clang.exe_797eefb0.json,890983718666
454,0.004358824025366666,birthmarks/bzip2_amd64_windows_rs-pure.exe_5b22b00c.json,birthmarks/bzip2_arm64_windows_gcc.exe_4b1549dd.json,74175843667
455,0.06952151638736358,birthmarks/bzip2_amd64_windows_rs-pure.exe_5b22b00c.json,birthmarks/bzip2_arm64_windows_go.exe_ed2de88c.json,930818442583
456,0.005447931624722649,birthmarks/bzip2_amd64_windows_rs-pure.exe_5b22b00c.json,birthmarks/bzip2_arm64_windows_msvc.exe_22595510.json,101791614000
457,0.8457208692354717,birthmarks/bzip2_amd64_windows_rs-pure.exe_5b22b00c.json,birthmarks/bzip2_arm64_windows_rs-pure.exe_1f25dd7f.json,6418310941833
458,0.8273317541446455,birthmarks/bzip2_amd64_windows_rs-pure.exe_5b22b00c.json,birthmarks/bzip2_arm64_windows_rs-sys.exe_d6a1dc5d.json,6480021375625
459,0.002688391594961017,birthmarks/bzip2_amd64_windows_rs-sys.exe_3e3736a4.json,birthmarks/bzip2_arm64_darwin_clang_34392dac.json,139142760291
46,0.5649691870020908,birthmarks/bzip2_amd64_darwin_gcc_61bd47af.json,birthmarks/bzip2_amd64_windows_gcc.exe_2a5000a8.json,337338791
460,0.0028807540151541294,birthmarks/bzip2_amd64_windows_rs-sys.exe_3e3736a4.json,birthmarks/bzip2_arm64_darwin_gcc_3894c17c.json,62826535208
461,0.09640050815083893,birthmarks/bzip2_amd64_windows_rs-sys.exe_3e3736a4.json,birthmarks/bzip2_arm64_darwin_go_293ce2f9.json,1238767974458
462,0.13712647510614387,birthmarks/bzip2_amd64_windows_rs-sys.exe_3e3736a4.json,birthmarks/bzip2_arm64_darwin_rs-pure_9d252a8f.json,1876190012125
463,0.1356525314029614,birthmarks/bzip2_amd64_windows_rs-sys.exe_3e3736a4.json,birthmarks/bzip2_arm64_darwin_rs-sys_b370b5cd.json,1898424345917
464,0.04242811760449812,birthmarks/bzip2_amd64_windows_rs-sys.exe_3e3736a4.json,birthmarks/bzip2_arm64_darwin_tgo_f357c0bc.json,388495162708
465,0.0029031347777021916,birthmarks/bzip2_amd64_windows_rs-sys.exe_3e3736a4.json,birthmarks/bzip2_arm64_linux_clang_375294fc.json,82663884208
466,0.0034443795277829385,birthmarks/bzip2_amd64_windows_rs-sys.exe_3e3736a4.json,birthmarks/bzip2_arm64_linux_gcc_a5af3ca9.json,73123192625
467,0.09627628234588373,birthmarks/bzip2_amd64_windows_rs-sys.exe_3e3736a4.json,birthmarks/bzip2_arm64_linux_go_3b3448f2.json,1280605429708
468,0.13888321301661283,birthmarks/bzip2_amd64_windows_rs-sys.exe_3e3736a4.json,birthmarks/bzip2_arm64_linux_rs-pure_927550bd.json,1974935702042
469,0.1369658300821748,birthmarks/bzip2_amd64_windows_rs-sys.exe_3e3736a4.json,birthmarks/bzip2_arm64_linux_rs-sys_e5a5c625.json,2045932488500
47,0.0265961515153489,birthmarks/bzip2_amd64_darwin_gcc_61bd47af.json,birthmarks/bzip2_amd64_windows_go.exe_8d915129.json,16953035834
470,0.05106801038882216,birthmarks/bzip2_amd64_windows_rs-sys.exe_3e3736a4.json,birthmarks/bzip2_arm64_linux_tgo_d72531be.json,447143317292
471,0.10718983417285474,birthmarks/bzip2_amd64_windows_rs-sys.exe_3e3736a4.json,birthmarks/bzip2_arm64_windows_clang.exe_797eefb0.json,898899244750
472,0.004463439004370822,birthmarks/bzip2_amd64_windows_rs-sys.exe_3e3736a4.json,birthmarks/bzip2_arm64_windows_gcc.exe_4b1549dd.json,76933407583
473,0.07122952886106552,birthmarks/bzip2_amd64_windows_rs-sys.exe_3e3736a4.json,birthmarks/bzip2_arm64_windows_go.exe_ed2de88c.json,953831631875
474,0.005578417998744456,birthmarks/bzip2_amd64_windows_rs-sys.exe_3e3736a4.json,birthmarks/bzip2_arm64_windows_msvc.exe_22595510.json,105594022125
475,0.863796638337159,birthmarks/bzip2_amd64_windows_rs-sys.exe_3e3736a4.json,birthmarks/bzip2_arm64_windows_rs-pure.exe_1f25dd7f.json,6717075237875
476,0.8466383772302725,birthmarks/bzip2_amd64_windows_rs-sys.exe_3e3736a4.json,birthmarks/bzip2_arm64_windows_rs-sys.exe_d6a1dc5d.json,6661743316250
477,0.8615948427681184,birthmarks/bzip2_arm64_darwin_clang_34392dac.json,birthmarks/bzip2_arm64_darwin_gcc_3894c17c.json,431666292
478,0.023739959166379727,birthmarks/bzip2_arm64_darwin_clang_34392dac.json,birthmarks/bzip2_arm64_darwin_go_293ce2f9.json,17422222416
479,0.01792394612983821,birthmarks/bzip2_arm64_darwin_clang_34392dac.json,birthmarks/bzip2_arm64_darwin_rs-pure_9d252a8f.json,25328132667
48,0.4591855971732163,birthmarks/bzip2_amd64_darwin_gcc_61bd47af.json,birthmarks/bzip2_amd64_windows_msvc.exe_4eddc4d6.json,474111083
480,0.01818713709414434,birthmarks/bzip2_arm64_darwin_clang_34392dac.json,birthmarks/bzip2_arm64_darwin_rs-sys_b370b5cd.json,25237088708
481,0.05964787675372383,birthmarks/bzip2_arm64_darwin_clang_34392dac.json,birthmarks/bzip2_arm64_darwin_tgo_f357c0bc.json,5031532666
482,0.8428140965773002,birthmarks/bzip2_arm64_darwin_clang_34392dac.json,birthmarks/bzip2_arm64_linux_clang_375294fc.json,471713208
483,0.7036572583439191,birthmarks/bzip2_arm64_darwin_clang_34392dac.json,birthmarks/bzip2_arm64_linux_gcc_a5af3ca9.json,535305208
484,0.023743433774105455,birthmarks/bzip2_arm64_darwin_clang_34392dac.json,birthmarks/bzip2_arm64_linux_go_3b3448f2.json,17805190125
485,0.017844741898889287,birthmarks/bzip2_arm64_darwin_clang_34392dac.json,birthmarks/bzip2_arm64_linux_rs-pure_927550bd.json,27495124000
486,0.018137097616358157,birthmarks/bzip2_arm64_darwin_clang_34392dac.json,birthmarks/bzip2_arm64_linux_rs-sys_e5a5c625.json,27354191000
487,0.04922192819989239,birthmarks/bzip2_arm64_darwin_clang_34392dac.json,birthmarks/bzip2_arm64_linux_tgo_d72531be.json,6571229375
488,0.023690201952873118,birthmarks/bzip2_arm64_darwin_clang_34392dac.json,birthmarks/bzip2_arm64_windows_clang.exe_797eefb0.json,15524303417
489,0.5533481311483767,birthmarks/bzip2_arm64_darwin_clang_34392dac.json,birthmarks/bzip2_arm64_windows_gcc.exe_4b1549dd.json,621576625
49,0.0027304034749347987,birthmarks/bzip2_amd64_darwin_gcc_61bd47af.json,birthmarks/bzip2_amd64_windows_rs-pure.exe_5b22b00c.json,17781043144292
490,0.03432526111872649,birthmarks/bzip2_arm64_darwin_clang_34392dac.json,birthmarks/bzip2_arm64_windows_go.exe_ed2de88c.json,11194684833
491,0.4451328877307339,birthmarks/bzip2_arm64_darwin_clang_34392dac.json,birthmarks/bzip2_arm64_windows_msvc.exe_22595510.json,769923167
492,0.0030075885853676648,birthmarks/bzip2_arm64_darwin_clang_34392dac.json,birthmarks/bzip2_arm64_windows_rs-pure.exe_1f25dd7f.json,2788426412667
493,0.0030759547109059718,birthmarks/bzip2_arm64_darwin_clang_34392dac.json,birthmarks/bzip2_arm64_windows_rs-sys.exe_d6a1dc5d.json,2121711930959
494,0.025445811738724268,birthmarks/bzip2_arm64_darwin_gcc_3894c17c.json,birthmarks/bzip2_arm64_darwin_go_293ce2f9.json,13921948833
495,0.019221239984089054,birthmarks/bzip2_arm64_darwin_gcc_3894c17c.json,birthmarks/bzip2_arm64_darwin_rs-pure_9d252a8f.json,23796216750
496,0.01948142999150486,birthmarks/bzip2_arm64_darwin_gcc_3894c17c.json,birthmarks/bzip2_arm64_darwin_rs-sys_b370b5cd.json,23254424875
497,0.06391757180788878,birthmarks/bzip2_arm64_darwin_gcc_3894c17c.json,birthmarks/bzip2_arm64_darwin_tgo_f357c0bc.json,3243109000
498,0.8462734920986782,birthmarks/bzip2_arm64_darwin_gcc_3894c17c.json,birthmarks/bzip2_arm64_linux_clang_375294fc.json,368204541
499,0.7712205547358343,birthmarks/bzip2_arm64_darwin_gcc_3894c17c.json,birthmarks/bzip2_arm64_linux_gcc_a5af3ca9.json,378343417
5,0.8608942791302671,birthmarks/bzip2_amd64_darwin_clang_bb422561.json,birthmarks/bzip2_amd64_linux_clang_ad366643.json,1663622458
50,0.002795908908337447,birthmarks/bzip2_amd64_darwin_gcc_61bd47af.json,birthmarks/bzip2_amd64_windows_rs-sys.exe_3e3736a4.json,17682799305500
500,0.025405973129712114,birthmarks/bzip2_arm64_darwin_gcc_3894c17c.json,birthmarks/bzip2_arm64_linux_go_3b3448f2.json,13946556125
501,0.01916427068636919,birthmarks/bzip2_arm64_darwin_gcc_3894c17c.json,birthmarks/bzip2_arm64_linux_rs-pure_927550bd.json,22962534625
502,0.01947524201594405,birthmarks/bzip2_arm64_darwin_gcc_3894c17c.json,birthmarks/bzip2_arm64_linux_rs-sys_e5a5c625.json,22309336417
503,0.0523781951380336,birthmarks/bzip2_arm64_darwin_gcc_3894c17c.json,birthmarks/bzip2_arm64_linux_tgo_d72531be.json,3859734917
504,0.025260275009455494,birthmarks/bzip2_arm64_darwin_gcc_3894c17c.json,birthmarks/bzip2_arm64_windows_clang.exe_797eefb0.json,10640179583
505,0.602526708044592,birthmarks/bzip2_arm64_darwin_gcc_3894c17c.json,birthmarks/bzip2_arm64_windows_gcc.exe_4b1549dd.json,410987917
506,0.03671489620880027,birthmarks/bzip2_arm64_darwin_gcc_3894c17c.json,birthmarks/bzip2_arm64_windows_go.exe_ed2de88c.json,8065060709
507,0.47468726621360835,birthmarks/bzip2_arm64_darwin_gcc_3894c17c.json,birthmarks/bzip2_arm64_windows_msvc.exe_22595510.json,516171708
508,0.003206902894045822,birthmarks/bzip2_arm64_darwin_gcc_3894c17c.json,birthmarks/bzip2_arm64_windows_rs-pure.exe_1f25dd7f.json,2445463741458
509,0.0032811034314989993,birthmarks/bzip2_arm64_darwin_gcc_3894c17c.json,birthmarks/bzip2_arm64_windows_rs-sys.exe_d6a1dc5d.json,2417476274750
51,0.8820448579296957,birthmarks/bzip2_amd64_darwin_gcc_61bd47af.json,birthmarks/bzip2_arm64_darwin_clang_34392dac.json,851827792
510,0.5884187445693274,birthmarks/bzip2_arm64_darwin_go_293ce2f9.json,birthmarks/bzip2_arm64_darwin_rs-pure_9d252a8f.json,266871318834
511,0.5945872931007231,birthmarks/bzip2_arm64_darwin_go_293ce2f9.json,birthmarks/bzip2_arm64_darwin_rs-sys_b370b5cd.json,263783502542
512,0.2886915860815561,birthmarks/bzip2_arm64_darwin_go_293ce2f9.json,birthmarks/bzip2_arm64_darwin_tgo_f357c0bc.json,66415386500
513,0.025907520345245152,birthmarks/bzip2_arm64_darwin_go_293ce2f9.json,birthmarks/bzip2_arm64_linux_clang_375294fc.json,10907465667
514,0.030629962890265303,birthmarks/bzip2_arm64_darwin_go_293ce2f9.json,birthmarks/bzip2_arm64_linux_gcc_a5af3ca9.json,10490666958
515,0.9265116872793405,birthmarks/bzip2_arm64_darwin_go_293ce2f9.json,birthmarks/bzip2_arm64_linux_go_3b3448f2.json,169563354833
516,0.5963028050140237,birthmarks/bzip2_arm64_darwin_go_293ce2f9.json,birthmarks/bzip2_arm64_linux_rs-pure_927550bd.json,265595532792
517,0.604423168013612,birthmarks/bzip2_arm64_darwin_go_293ce2f9.json,birthmarks/bzip2_arm64_linux_rs-sys_e5a5c625.json,256535663917
518,0.34946848577017214,birthmarks/bzip2_arm64_darwin_go_293ce2f9.json,birthmarks/bzip2_arm64_linux_tgo_d72531be.json,71408617375
519,0.7677275025590415,birthmarks/bzip2_arm64_darwin_go_293ce2f9.json,birthmarks/bzip2_arm64_windows_clang.exe_797eefb0.json,129272637791
52,0.945837956568681,birthmarks/bzip2_amd64_darwin_gcc_61bd47af.json,birthmarks/bzip2_arm64_darwin_gcc_3894c17c.json,530999708
520,0.03919544782092224,birthmarks/bzip2_arm64_darwin_go_293ce2f9.json,birthmarks/bzip2_arm64_windows_gcc.exe_4b1549dd.json,9933828625
521,0.6241585653481104,birthmarks/bzip2_arm64_darwin_go_293ce2f9.json,birthmarks/bzip2_arm64_windows_go.exe_ed2de88c.json,131387850084
522,0.047936199700994095,birthmarks/bzip2_arm64_darwin_go_293ce2f9.json,birthmarks/bzip2_arm64_windows_msvc.exe_22595510.json,12706951792
523,0.10641748990169947,birthmarks/bzip2_arm64_darwin_go_293ce2f9.json,birthmarks/bzip2_arm64_windows_rs-pure.exe_1f25dd7f.json,1580116072750
524,0.10881105734952536,birthmarks/bzip2_arm64_darwin_go_293ce2f9.json,birthmarks/bzip2_arm64_windows_rs-sys.exe_d6a1dc5d.json,1521809556708
525,0.9852716838458861,birthmarks/bzip2_arm64_darwin_rs-pure_9d252a8f.json,birthmarks/bzip2_arm64_darwin_rs-sys_b370b5cd.json,352854207500
526,0.2498930493254243,birthmarks/bzip2_arm64_darwin_rs-pure_9d252a8f.json,birthmarks/bzip2_arm64_darwin_tgo_f357c0bc.json,91916464209
527,0.01942613306018346,birthmarks/bzip2_arm64_darwin_rs-pure_9d252a8f.json,birthmarks/bzip2_arm64_linux_clang_375294fc.json,13879378458
528,0.0230081197670045,birthmarks/bzip2_arm64_darwin_rs-pure_9d252a8f.json,birthmarks/bzip2_arm64_linux_gcc_a5af3ca9.json,12839148834
529,0.5817986730907639,birthmarks/bzip2_arm64_darwin_rs-pure_9d252a8f.json,birthmarks/bzip2_arm64_linux_go_3b3448f2.json,256910082750
53,0.024639560205979783,birthmarks/bzip2_amd64_darwin_gcc_61bd47af.json,birthmarks/bzip2_arm64_darwin_go_293ce2f9.json,14806367292
530,0.9560928178892324,birthmarks/bzip2_arm64_darwin_rs-pure_9d252a8f.json,birthmarks/bzip2_arm64_linux_rs-pure_927550bd.json,375686004667
531,0.963064471045271,birthmarks/bzip2_arm64_darwin_rs-pure_9d252a8f.json,birthmarks/bzip2_arm64_linux_rs-sys_e5a5c625.json,376594709500
532,0.2990387769192831,birthmarks/bzip2_arm64_darwin_rs-pure_9d252a8f.json,birthmarks/bzip2_arm64_linux_tgo_d72531be.json,106952179375
533,0.6802542337836335,birthmarks/bzip2_arm64_darwin_rs-pure_9d252a8f.json,birthmarks/bzip2_arm64_windows_clang.exe_797eefb0.json,205449612541
534,0.02952671963600365,birthmarks/bzip2_arm64_darwin_rs-pure_9d252a8f.json,birthmarks/bzip2_arm64_windows_gcc.exe_4b1549dd.json,14324795125
535,0.4620972167425827,birthmarks/bzip2_arm64_darwin_rs-pure_9d252a8f.json,birthmarks/bzip2_arm64_windows_go.exe_ed2de88c.json,191539425458
536,0.036629655696087116,birthmarks/bzip2_arm64_darwin_rs-pure_9d252a8f.json,birthmarks/bzip2_arm64_windows_msvc.exe_22595510.json,18597070958
537,0.15240283991111447,birthmarks/bzip2_arm64_darwin_rs-pure_9d252a8f.json,birthmarks/bzip2_arm64_windows_rs-pure.exe_1f25dd7f.json,1977421511834
538,0.15582413847319268,birthmarks/bzip2_arm64_darwin_rs-pure_9d252a8f.json,birthmarks/bzip2_arm64_windows_rs-sys.exe_d6a1dc5d.json,1909321395917
539,0.2528686689179713,birthmarks/bzip2_arm64_darwin_rs-sys_b370b5cd.json,birthmarks/bzip2_arm64_darwin_tgo_f357c0bc.json,90546914500
54,0.018681782457618167,birthmarks/bzip2_amd64_darwin_gcc_61bd47af.json,birthmarks/bzip2_arm64_darwin_rs-pure_9d252a8f.json,23613918916
540,0.01968005271724148,birthmarks/bzip2_arm64_darwin_rs-sys_b370b5cd.json,birthmarks/bzip2_arm64_linux_clang_375294fc.json,14111813625
541,0.023300472704497133,birthmarks/bzip2_arm64_darwin_rs-sys_b370b5cd.json,birthmarks/bzip2_arm64_linux_gcc_a5af3ca9.json,12412074959
542,0.5877797719582825,birthmarks/bzip2_arm64_darwin_rs-sys_b370b5cd.json,birthmarks/bzip2_arm64_linux_go_3b3448f2.json,259480694542
543,0.9436611156453655,birthmarks/bzip2_arm64_darwin_rs-sys_b370b5cd.json,birthmarks/bzip2_arm64_linux_rs-pure_927550bd.json,356787834375
544,0.9573664941707012,birthmarks/bzip2_arm64_darwin_rs-sys_b370b5cd.json,birthmarks/bzip2_arm64_linux_rs-sys_e5a5c625.json,353300357667
545,0.3026448220980659,birthmarks/bzip2_arm64_darwin_rs-sys_b370b5cd.json,birthmarks/bzip2_arm64_linux_tgo_d72531be.json,109864415625
546,0.6887910989259929,birthmarks/bzip2_arm64_darwin_rs-sys_b370b5cd.json,birthmarks/bzip2_arm64_windows_clang.exe_797eefb0.json,189613522916
547,0.029906020480729496,birthmarks/bzip2_arm64_darwin_rs-sys_b370b5cd.json,birthmarks/bzip2_arm64_windows_gcc.exe_4b1549dd.json,13732216542
548,0.46721964043230674,birthmarks/bzip2_arm64_darwin_rs-sys_b370b5cd.json,birthmarks/bzip2_arm64_windows_go.exe_ed2de88c.json,153090957625
549,0.037103220911361,birthmarks/bzip2_arm64_darwin_rs-sys_b370b5cd.json,birthmarks/bzip2_arm64_windows_msvc.exe_22595510.json,15009765375
55,0.01892976295811881,birthmarks/bzip2_amd64_darwin_gcc_61bd47af.json,birthmarks/bzip2_arm64_darwin_rs-sys_b370b5cd.json,30968741250
550,0.15076876324457936,birthmarks/bzip2_arm64_darwin_rs-sys_b370b5cd.json,birthmarks/bzip2_arm64_windows_rs-pure.exe_1f25dd7f.json,2280743802708
551,0.1541645719282274,birthmarks/bzip2_arm64_darwin_rs-sys_b370b5cd.json,birthmarks/bzip2_arm64_windows_rs-sys.exe_d6a1dc5d.json,2080644498375
552,0.0642173355468693,birthmarks/bzip2_arm64_darwin_tgo_f357c0bc.json,birthmarks/bzip2_arm64_linux_clang_375294fc.json,3236059792
553,0.0763575525795058,birthmarks/bzip2_arm64_darwin_tgo_f357c0bc.json,birthmarks/bzip2_arm64_linux_gcc_a5af3ca9.json,2861098000
554,0.25942605905873417,birthmarks/bzip2_arm64_darwin_tgo_f357c0bc.json,birthmarks/bzip2_arm64_linux_go_3b3448f2.json,56320873917
555,0.24813704586759402,birthmarks/bzip2_arm64_darwin_tgo_f357c0bc.json,birthmarks/bzip2_arm64_linux_rs-pure_927550bd.json,90590325750
556,0.252000920279925,birthmarks/bzip2_arm64_darwin_tgo_f357c0bc.json,birthmarks/bzip2_arm64_linux_rs-sys_e5a5c625.json,90747023084
557,0.7585080250255906,birthmarks/bzip2_arm64_darwin_tgo_f357c0bc.json,birthmarks/bzip2_arm64_linux_tgo_d72531be.json,21911816542
558,0.3077690616272134,birthmarks/bzip2_arm64_darwin_tgo_f357c0bc.json,birthmarks/bzip2_arm64_windows_clang.exe_797eefb0.json,42437164042
559,0.09832550544549505,birthmarks/bzip2_arm64_darwin_tgo_f357c0bc.json,birthmarks/bzip2_arm64_windows_gcc.exe_4b1549dd.json,2995387292
56,0.06207870179387899,birthmarks/bzip2_amd64_darwin_gcc_61bd47af.json,birthmarks/bzip2_arm64_darwin_tgo_f357c0bc.json,3664299875
560,0.3625665563420569,birthmarks/bzip2_arm64_darwin_tgo_f357c0bc.json,birthmarks/bzip2_arm64_windows_go.exe_ed2de88c.json,42773855709
561,0.12077606560090788,birthmarks/bzip2_arm64_darwin_tgo_f357c0bc.json,birthmarks/bzip2_arm64_windows_msvc.exe_22595510.json,4466982334
562,0.04744570771556488,birthmarks/bzip2_arm64_darwin_tgo_f357c0bc.json,birthmarks/bzip2_arm64_windows_rs-pure.exe_1f25dd7f.json,1000825268750
563,0.048529468734682654,birthmarks/bzip2_arm64_darwin_tgo_f357c0bc.json,birthmarks/bzip2_arm64_windows_rs-sys.exe_d6a1dc5d.json,968459463792
564,0.7994505566728739,birthmarks/bzip2_arm64_linux_clang_375294fc.json,birthmarks/bzip2_arm64_linux_gcc_a5af3ca9.json,388360042
565,0.025506484547294036,birthmarks/bzip2_arm64_linux_clang_375294fc.json,birthmarks/bzip2_arm64_linux_go_3b3448f2.json,12839643084
566,0.019270972806448183,birthmarks/bzip2_arm64_linux_clang_375294fc.json,birthmarks/bzip2_arm64_linux_rs-pure_927550bd.json,20915058500
567,0.019583884065151012,birthmarks/bzip2_arm64_linux_clang_375294fc.json,birthmarks/bzip2_arm64_linux_rs-sys_e5a5c625.json,21358191959
568,0.05346393009197265,birthmarks/bzip2_arm64_linux_clang_375294fc.json,birthmarks/bzip2_arm64_linux_tgo_d72531be.json,4295813958
569,0.025347495541510074,birthmarks/bzip2_arm64_linux_clang_375294fc.json,birthmarks/bzip2_arm64_windows_clang.exe_797eefb0.json,11554847292
57,0.8321826452495681,birthmarks/bzip2_amd64_darwin_gcc_61bd47af.json,birthmarks/bzip2_arm64_linux_clang_375294fc.json,513702334
570,0.6155711395133167,birthmarks/bzip2_arm64_linux_clang_375294fc.json,birthmarks/bzip2_arm64_windows_gcc.exe_4b1549dd.json,413428375
571,0.03718758230083459,birthmarks/bzip2_arm64_linux_clang_375294fc.json,birthmarks/bzip2_arm64_windows_go.exe_ed2de88c.json,7732675375
572,0.4740086243180849,birthmarks/bzip2_arm64_linux_clang_375294fc.json,birthmarks/bzip2_arm64_windows_msvc.exe_22595510.json,529349542
573,0.003247327304408963,birthmarks/bzip2_arm64_linux_clang_375294fc.json,birthmarks/bzip2_arm64_windows_rs-pure.exe_1f25dd7f.json,903036065625
574,0.003322429696657591,birthmarks/bzip2_arm64_linux_clang_375294fc.json,birthmarks/bzip2_arm64_windows_rs-sys.exe_d6a1dc5d.json,842506534667
575,0.030066602227171394,birthmarks/bzip2_arm64_linux_gcc_a5af3ca9.json,birthmarks/bzip2_arm64_linux_go_3b3448f2.json,19340592583
576,0.022794976659796882,birthmarks/bzip2_arm64_linux_gcc_a5af3ca9.json,birthmarks/bzip2_arm64_linux_rs-pure_927550bd.json,27644558583
577,0.023149874893787625,birthmarks/bzip2_arm64_linux_gcc_a5af3ca9.json,birthmarks/bzip2_arm64_linux_rs-sys_e5a5c625.json,26991690958
578,0.06318307697225363,birthmarks/bzip2_arm64_linux_gcc_a5af3ca9.json,birthmarks/bzip2_arm64_linux_tgo_d72531be.json,4477477833
579,0.02987208245574439,birthmarks/bzip2_arm64_linux_gcc_a5af3ca9.json,birthmarks/bzip2_arm64_windows_clang.exe_797eefb0.json,12552015125
58,0.7416274862497285,birthmarks/bzip2_amd64_darwin_gcc_61bd47af.json,birthmarks/bzip2_arm64_linux_gcc_a5af3ca9.json,511159458
580,0.7399120324788615,birthmarks/bzip2_arm64_linux_gcc_a5af3ca9.json,birthmarks/bzip2_arm64_windows_gcc.exe_4b1549dd.json,477101166
581,0.04382832987848299,birthmarks/bzip2_arm64_linux_gcc_a5af3ca9.json,birthmarks/bzip2_arm64_windows_go.exe_ed2de88c.json,9857580292
582,0.553297524131425,birthmarks/bzip2_arm64_linux_gcc_a5af3ca9.json,birthmarks/bzip2_arm64_windows_msvc.exe_22595510.json,646064458
583,0.0038517643299453216,birthmarks/bzip2_arm64_linux_gcc_a5af3ca9.json,birthmarks/bzip2_arm64_windows_rs-pure.exe_1f25dd7f.json,972744284458
584,0.0039398363163149226,birthmarks/bzip2_arm64_linux_gcc_a5af3ca9.json,birthmarks/bzip2_arm64_windows_rs-sys.exe_d6a1dc5d.json,924574374917
585,0.5877180152349728,birthmarks/bzip2_arm64_linux_go_3b3448f2.json,birthmarks/bzip2_arm64_linux_rs-pure_927550bd.json,287612944000
586,0.5954249645209332,birthmarks/bzip2_arm64_linux_go_3b3448f2.json,birthmarks/bzip2_arm64_linux_rs-sys_e5a5c625.json,287944670750
587,0.31400591936883915,birthmarks/bzip2_arm64_linux_go_3b3448f2.json,birthmarks/bzip2_arm64_linux_tgo_d72531be.json,81128900666
588,0.7614564660734734,birthmarks/bzip2_arm64_linux_go_3b3448f2.json,birthmarks/bzip2_arm64_windows_clang.exe_797eefb0.json,144791123625
589,0.03874575225340845,birthmarks/bzip2_arm64_linux_go_3b3448f2.json,birthmarks/bzip2_arm64_windows_gcc.exe_4b1549dd.json,10035124458
59,0.02461910563887546,birthmarks/bzip2_amd64_darwin_gcc_61bd47af.json,birthmarks/bzip2_arm64_linux_go_3b3448f2.json,21608526250
590,0.6285532023683843,birthmarks/bzip2_arm64_linux_go_3b3448f2.json,birthmarks/bzip2_arm64_windows_go.exe_ed2de88c.json,137847916166
591,0.04791966035070932,birthmarks/bzip2_arm64_linux_go_3b3448f2.json,birthmarks/bzip2_arm64_windows_msvc.exe_22595510.json,13227229542
592,0.10620629430846078,birthmarks/bzip2_arm64_linux_go_3b3448f2.json,birthmarks/bzip2_arm64_windows_rs-pure.exe_1f25dd7f.json,1593674767334
593,0.10859589694207243,birthmarks/bzip2_arm64_linux_go_3b3448f2.json,birthmarks/bzip2_arm64_windows_rs-sys.exe_d6a1dc5d.json,1541207548167
594,0.9825148527935685,birthmarks/bzip2_arm64_linux_rs-pure_927550bd.json,birthmarks/bzip2_arm64_linux_rs-sys_e5a5c625.json,412518891708
595,0.2973536111462616,birthmarks/bzip2_arm64_linux_rs-pure_927550bd.json,birthmarks/bzip2_arm64_linux_tgo_d72531be.json,123632721458
596,0.6733413643470877,birthmarks/bzip2_arm64_linux_rs-pure_927550bd.json,birthmarks/bzip2_arm64_windows_clang.exe_797eefb0.json,219615465667
597,0.02928849682144127,birthmarks/bzip2_arm64_linux_rs-pure_927550bd.json,birthmarks/bzip2_arm64_windows_gcc.exe_4b1549dd.json,14700247500
598,0.45891185752096886,birthmarks/bzip2_arm64_linux_rs-pure_927550bd.json,birthmarks/bzip2_arm64_windows_go.exe_ed2de88c.json,189519184625
599,0.03592121669753363,birthmarks/bzip2_arm64_linux_rs-pure_927550bd.json,birthmarks/bzip2_arm64_windows_msvc.exe_22595510.json,23179015625
6,0.756891931229954,birthmarks/bzip2_amd64_darwin_clang_bb422561.json,birthmarks/bzip2_amd64_linux_gcc_ccc4cf10.json,1053565500
60,0.018592535538958246,birthmarks/bzip2_amd64_darwin_gcc_61bd47af.json,birthmarks/bzip2_arm64_linux_rs-pure_927550bd.json,41666675708
600,0.1543808911557595,birthmarks/bzip2_arm64_linux_rs-pure_927550bd.json,birthmarks/bzip2_arm64_windows_rs-pure.exe_1f25dd7f.json,2177661607916
601,0.15785685848530598,birthmarks/bzip2_arm64_linux_rs-pure_927550bd.json,birthmarks/bzip2_arm64_windows_rs-sys.exe_d6a1dc5d.json,2112331091958
602,0.3019260481252726,birthmarks/bzip2_arm64_linux_rs-sys_e5a5c625.json,birthmarks/bzip2_arm64_linux_tgo_d72531be.json,99939233666
603,0.6832856472103859,birthmarks/bzip2_arm64_linux_rs-sys_e5a5c625.json,birthmarks/bzip2_arm64_windows_clang.exe_797eefb0.json,174941653958
604,0.029737442767329383,birthmarks/bzip2_arm64_linux_rs-sys_e5a5c625.json,birthmarks/bzip2_arm64_windows_gcc.exe_4b1549dd.json,12292745709
605,0.46503663439225085,birthmarks/bzip2_arm64_linux_rs-sys_e5a5c625.json,birthmarks/bzip2_arm64_windows_go.exe_ed2de88c.json,169377792917
606,0.03650581949605132,birthmarks/bzip2_arm64_linux_rs-sys_e5a5c625.json,birthmarks/bzip2_arm64_windows_msvc.exe_22595510.json,15440006542
607,0.15222475666855054,birthmarks/bzip2_arm64_linux_rs-sys_e5a5c625.json,birthmarks/bzip2_arm64_windows_rs-pure.exe_1f25dd7f.json,2253283957875
608,0.15566024859967098,birthmarks/bzip2_arm64_linux_rs-sys_e5a5c625.json,birthmarks/bzip2_arm64_windows_rs-sys.exe_d6a1dc5d.json,2187367043500
609,0.3709006238422485,birthmarks/bzip2_arm64_linux_tgo_d72531be.json,birthmarks/bzip2_arm64_windows_clang.exe_797eefb0.json,44292612833
61,0.018894765847528024,birthmarks/bzip2_amd64_darwin_gcc_61bd47af.json,birthmarks/bzip2_arm64_linux_rs-sys_e5a5c625.json,39027084000
610,0.08146679674448866,birthmarks/bzip2_arm64_linux_tgo_d72531be.json,birthmarks/bzip2_arm64_windows_gcc.exe_4b1549dd.json,3319027833
611,0.44495329013533935,birthmarks/bzip2_arm64_linux_tgo_d72531be.json,birthmarks/bzip2_arm64_windows_go.exe_ed2de88c.json,47545481042
612,0.09819568432463208,birthmarks/bzip2_arm64_linux_tgo_d72531be.json,birthmarks/bzip2_arm64_windows_msvc.exe_22595510.json,4838790334
613,0.05709459302356983,birthmarks/bzip2_arm64_linux_tgo_d72531be.json,birthmarks/bzip2_arm64_windows_rs-pure.exe_1f25dd7f.json,1084356089666
614,0.058406484025857006,birthmarks/bzip2_arm64_linux_tgo_d72531be.json,birthmarks/bzip2_arm64_windows_rs-sys.exe_d6a1dc5d.json,1047956246625
615,0.038493091527708745,birthmarks/bzip2_arm64_windows_clang.exe_797eefb0.json,birthmarks/bzip2_arm64_windows_gcc.exe_4b1549dd.json,7307526542
616,0.603358288313129,birthmarks/bzip2_arm64_windows_clang.exe_797eefb0.json,birthmarks/bzip2_arm64_windows_go.exe_ed2de88c.json,105528451375
617,0.048539472474877714,birthmarks/bzip2_arm64_windows_clang.exe_797eefb0.json,birthmarks/bzip2_arm64_windows_msvc.exe_22595510.json,10600917166
618,0.11881783573946295,birthmarks/bzip2_arm64_windows_clang.exe_797eefb0.json,birthmarks/bzip2_arm64_windows_rs-pure.exe_1f25dd7f.json,1396676960000
619,0.12150984586069204,birthmarks/bzip2_arm64_windows_clang.exe_797eefb0.json,birthmarks/bzip2_arm64_windows_rs-sys.exe_d6a1dc5d.json,1357198820542
62,0.05087306906673242,birthmarks/bzip2_amd64_darwin_gcc_61bd47af.json,birthmarks/bzip2_arm64_linux_tgo_d72531be.json,4307490250
620,0.0564226209918229,birthmarks/bzip2_arm64_windows_gcc.exe_4b1549dd.json,birthmarks/bzip2_arm64_windows_go.exe_ed2de88c.json,9015904208
621,0.7146018942547564,birthmarks/bzip2_arm64_windows_gcc.exe_4b1549dd.json,birthmarks/bzip2_arm64_windows_msvc.exe_22595510.json,666619333
622,0.004969867351681963,birthmarks/bzip2_arm64_windows_gcc.exe_4b1549dd.json,birthmarks/bzip2_arm64_windows_rs-pure.exe_1f25dd7f.json,907073856542
623,0.0050825630068712085,birthmarks/bzip2_arm64_windows_gcc.exe_4b1549dd.json,birthmarks/bzip2_arm64_windows_rs-sys.exe_d6a1dc5d.json,873788334417
624,0.06930967259763787,birthmarks/bzip2_arm64_windows_go.exe_ed2de88c.json,birthmarks/bzip2_arm64_windows_msvc.exe_22595510.json,9317762959
625,0.07896780258488989,birthmarks/bzip2_arm64_windows_go.exe_ed2de88c.json,birthmarks/bzip2_arm64_windows_rs-pure.exe_1f25dd7f.json,1405556963125
626,0.08078726390562983,birthmarks/bzip2_arm64_windows_go.exe_ed2de88c.json,birthmarks/bzip2_arm64_windows_rs-sys.exe_d6a1dc5d.json,1358955542291
627,0.006266454846625335,birthmarks/bzip2_arm64_windows_msvc.exe_22595510.json,birthmarks/bzip2_arm64_windows_rs-pure.exe_1f25dd7f.json,845335314833
628,0.006409739203596395,birthmarks/bzip2_arm64_windows_msvc.exe_22595510.json,birthmarks/bzip2_arm64_windows_rs-sys.exe_d6a1dc5d.json,810400429792
629,0.976046347714518,birthmarks/bzip2_arm64_windows_rs-pure.exe_1f25dd7f.json,birthmarks/bzip2_arm64_windows_rs-sys.exe_d6a1dc5d.json,2885157335375
63,0.02444863800454222,birthmarks/bzip2_amd64_darwin_gcc_61bd47af.json,birthmarks/bzip2_arm64_windows_clang.exe_797eefb0.json,18591101041
630,1,birthmarks/bzip2_amd64_darwin_clang_bb422561.json,birthmarks/bzip2_amd64_darwin_clang_bb422561.json,1680543708
631,1,birthmarks/bzip2_amd64_darwin_gcc_61bd47af.json,birthmarks/bzip2_amd64_darwin_gcc_61bd47af.json,279726666
632,1,birthmarks/bzip2_amd64_darwin_go_e1d42f63.json,birthmarks/bzip2_amd64_darwin_go_e1d42f63.json,151104095375
633,1,birthmarks/bzip2_amd64_darwin_rs-pure_b656f970.json,birthmarks/bzip2_amd64_darwin_rs-pure_b656f970.json,486098619166
634,1,birthmarks/bzip2_amd64_darwin_rs-sys_26d20788.json,birthmarks/bzip2_amd64_darwin_rs-sys_26d20788.json,501648512125
635,1,birthmarks/bzip2_amd64_darwin_tgo_6170c260.json,birthmarks/bzip2_amd64_darwin_tgo_6170c260.json,16202381250
636,1,birthmarks/bzip2_amd64_linux_clang_ad366643.json,birthmarks/bzip2_amd64_linux_clang_ad366643.json,1814446917
637,1,birthmarks/bzip2_amd64_linux_gcc_ccc4cf10.json,birthmarks/bzip2_amd64_linux_gcc_ccc4cf10.json,306522959
638,1,birthmarks/bzip2_amd64_linux_go_cf343d1a.json,birthmarks/bzip2_amd64_linux_go_cf343d1a.json,155427455750
639,1,birthmarks/bzip2_amd64_linux_rs-pure_f4511389.json,birthmarks/bzip2_amd64_linux_rs-pure_f4511389.json,588950748541
64,0.5800471807245768,birthmarks/bzip2_amd64_darwin_gcc_61bd47af.json,birthmarks/bzip2_arm64_windows_gcc.exe_4b1549dd.json,672322125
640,1,birthmarks/bzip2_amd64_linux_rs-sys_9751c6e7.json,birthmarks/bzip2_amd64_linux_rs-sys_9751c6e7.json,570742601125
641,1,birthmarks/bzip2_amd64_linux_tgo_cc1b5a2d.json,birthmarks/bzip2_amd64_linux_tgo_cc1b5a2d.json,14677177875
642,1,birthmarks/bzip2_amd64_windows_clang.exe_fb68290e.json,birthmarks/bzip2_amd64_windows_clang.exe_fb68290e.json,94023296583
643,1,birthmarks/bzip2_amd64_windows_gcc.exe_2a5000a8.json,birthmarks/bzip2_amd64_windows_gcc.exe_2a5000a8.json,516874750
644,1,birthmarks/bzip2_amd64_windows_go.exe_8d915129.json,birthmarks/bzip2_amd64_windows_go.exe_8d915129.json,145395060291
645,1,birthmarks/bzip2_amd64_windows_msvc.exe_4eddc4d6.json,birthmarks/bzip2_amd64_windows_msvc.exe_4eddc4d6.json,686832458
646,1,birthmarks/bzip2_amd64_windows_rs-pure.exe_5b22b00c.json,birthmarks/bzip2_amd64_windows_rs-pure.exe_5b22b00c.json,4165212961667
647,1,birthmarks/bzip2_amd64_windows_rs-sys.exe_3e3736a4.json,birthmarks/bzip2_amd64_windows_rs-sys.exe_3e3736a4.json,4072876346416
648,1,birthmarks/bzip2_arm64_darwin_clang_34392dac.json,birthmarks/bzip2_arm64_darwin_clang_34392dac.json,632828458
649,1,birthmarks/bzip2_arm64_darwin_gcc_3894c17c.json,birthmarks/bzip2_arm64_darwin_gcc_3894c17c.json,315419875
65,0.03558329436726441,birthmarks/bzip2_amd64_darwin_gcc_61bd47af.json,birthmarks/bzip2_arm64_windows_go.exe_ed2de88c.json,13899141500
650,1,birthmarks/bzip2_arm64_darwin_go_293ce2f9.json,birthmarks/bzip2_arm64_darwin_go_293ce2f9.json,139651529375
651,1,birthmarks/bzip2_arm64_darwin_rs-pure_9d252a8f.json,birthmarks/bzip2_arm64_darwin_rs-pure_9d252a8f.json,273750460333
652,1,birthmarks/bzip2_arm64_darwin_rs-sys_b370b5cd.json,birthmarks/bzip2_arm64_darwin_rs-sys_b370b5cd.json,281260458583
653,1,birthmarks/bzip2_arm64_darwin_tgo_f357c0bc.json,birthmarks/bzip2_arm64_darwin_tgo_f357c0bc.json,18311362125
654,1,birthmarks/bzip2_arm64_linux_clang_375294fc.json,birthmarks/bzip2_arm64_linux_clang_375294fc.json,355525625
655,1,birthmarks/bzip2_arm64_linux_gcc_a5af3ca9.json,birthmarks/bzip2_arm64_linux_gcc_a5af3ca9.json,329810375
656,1,birthmarks/bzip2_arm64_linux_go_3b3448f2.json,birthmarks/bzip2_arm64_linux_go_3b3448f2.json,130290625000
657,1,birthmarks/bzip2_arm64_linux_rs-pure_927550bd.json,birthmarks/bzip2_arm64_linux_rs-pure_927550bd.json,292560636666
658,1,birthmarks/bzip2_arm64_linux_rs-sys_e5a5c625.json,birthmarks/bzip2_arm64_linux_rs-sys_e5a5c625.json,291611408875
659,1,birthmarks/bzip2_arm64_linux_tgo_d72531be.json,birthmarks/bzip2_arm64_linux_tgo_d72531be.json,24246430833
66,0.4613767160848804,birthmarks/bzip2_amd64_darwin_gcc_61bd47af.json,birthmarks/bzip2_arm64_windows_msvc.exe_22595510.json,1590918125
660,1,birthmarks/bzip2_arm64_windows_clang.exe_797eefb0.json,birthmarks/bzip2_arm64_windows_clang.exe_797eefb0.json,64206681084
661,1,birthmarks/bzip2_arm64_windows_gcc.exe_4b1549dd.json,birthmarks/bzip2_arm64_windows_gcc.exe_4b1549dd.json,413801375
662,1,birthmarks/bzip2_arm64_windows_go.exe_ed2de88c.json,birthmarks/bzip2_arm64_windows_go.exe_ed2de88c.json,71810053125
663,1,birthmarks/bzip2_arm64_windows_msvc.exe_22595510.json,birthmarks/bzip2_arm64_windows_msvc.exe_22595510.json,643545500
664,1,birthmarks/bzip2_arm64_windows_rs-pure.exe_1f25dd7f.json,birthmarks/bzip2_arm64_windows_rs-pure.exe_1f25dd7f.json,2399455003333
665,1,birthmarks/bzip2_arm64_windows_rs-sys.exe_d6a1dc5d.json,birthmarks/bzip2_arm64_windows_rs-sys.exe_d6a1dc5d.json,2292328835209
67,0.0031147947603057096,birthmarks/bzip2_amd64_darwin_gcc_61bd47af.json,birthmarks/bzip2_arm64_windows_rs-pure.exe_1f25dd7f.json,12980768537959
68,0.0031879540379308137,birthmarks/bzip2_amd64_darwin_gcc_61bd47af.json,birthmarks/bzip2_arm64_windows_rs-sys.exe_d6a1dc5d.json,11958817082000
69,0.634249703055851,birthmarks/bzip2_amd64_darwin_go_e1d42f63.json,birthmarks/bzip2_amd64_darwin_rs-pure_b656f970.json,380642880375
7,0.022834531293711137,birthmarks/bzip2_amd64_darwin_clang_bb422561.json,birthmarks/bzip2_amd64_linux_go_cf343d1a.json,37642490875
70,0.6412187381059233,birthmarks/bzip2_amd64_darwin_go_e1d42f63.json,birthmarks/bzip2_amd64_darwin_rs-sys_26d20788.json,383710737625
71,0.20149284155315217,birthmarks/bzip2_amd64_darwin_go_e1d42f63.json,birthmarks/bzip2_amd64_darwin_tgo_6170c260.json,54802574166
72,0.024297462253984516,birthmarks/bzip2_amd64_darwin_go_e1d42f63.json,birthmarks/bzip2_amd64_linux_clang_ad366643.json,25697808458
73,0.02691485038338809,birthmarks/bzip2_amd64_darwin_go_e1d42f63.json,birthmarks/bzip2_amd64_linux_gcc_ccc4cf10.json,6246317208
74,0.9071893801615654,birthmarks/bzip2_amd64_darwin_go_e1d42f63.json,birthmarks/bzip2_amd64_linux_go_cf343d1a.json,136241069583
75,0.6471592859467359,birthmarks/bzip2_amd64_darwin_go_e1d42f63.json,birthmarks/bzip2_amd64_linux_rs-pure_f4511389.json,302251097250
76,0.6563664897909094,birthmarks/bzip2_amd64_darwin_go_e1d42f63.json,birthmarks/bzip2_amd64_linux_rs-sys_9751c6e7.json,313205529250
77,0.2358882468411899,birthmarks/bzip2_amd64_darwin_go_e1d42f63.json,birthmarks/bzip2_amd64_linux_tgo_cc1b5a2d.json,40819948791
78,0.6985526374769037,birthmarks/bzip2_amd64_darwin_go_e1d42f63.json,birthmarks/bzip2_amd64_windows_clang.exe_fb68290e.json,104637844500
79,0.03938055534637421,birthmarks/bzip2_amd64_darwin_go_e1d42f63.json,birthmarks/bzip2_amd64_windows_gcc.exe_2a5000a8.json,9155213166
8,0.017044783098435566,birthmarks/bzip2_amd64_darwin_clang_bb422561.json,birthmarks/bzip2_amd64_linux_rs-pure_f4511389.json,59292063291
80,0.8434619184381502,birthmarks/bzip2_amd64_darwin_go_e1d42f63.json,birthmarks/bzip2_amd64_windows_go.exe_8d915129.json,142378829458
81,0.047442286192483224,birthmarks/bzip2_amd64_darwin_go_e1d42f63.json,birthmarks/bzip2_amd64_windows_msvc.exe_4eddc4d6.json,9409371875
82,0.10116710782511044,birthmarks/bzip2_amd64_darwin_go_e1d42f63.json,birthmarks/bzip2_amd64_windows_rs-pure.exe_5b22b00c.json,15647524081417
83,0.10361981322025779,birthmarks/bzip2_amd64_darwin_go_e1d42f63.json,birthmarks/bzip2_amd64_windows_rs-sys.exe_3e3736a4.json,14719325582417
84,0.023504312069305113,birthmarks/bzip2_amd64_darwin_go_e1d42f63.json,birthmarks/bzip2_arm64_darwin_clang_34392dac.json,31613582125
85,0.025128491049237797,birthmarks/bzip2_amd64_darwin_go_e1d42f63.json,birthmarks/bzip2_arm64_darwin_gcc_3894c17c.json,13300658375
86,0.8209287832075559,birthmarks/bzip2_amd64_darwin_go_e1d42f63.json,birthmarks/bzip2_arm64_darwin_go_293ce2f9.json,247719870375
87,0.644919755839465,birthmarks/bzip2_amd64_darwin_go_e1d42f63.json,birthmarks/bzip2_arm64_darwin_rs-pure_9d252a8f.json,321334871625
88,0.6516161117802554,birthmarks/bzip2_amd64_darwin_go_e1d42f63.json,birthmarks/bzip2_arm64_darwin_rs-sys_b370b5cd.json,378602178416
89,0.3217163546839966,birthmarks/bzip2_amd64_darwin_go_e1d42f63.json,birthmarks/bzip2_arm64_darwin_tgo_f357c0bc.json,75866666792
9,0.01731720683899468,birthmarks/bzip2_amd64_darwin_clang_bb422561.json,birthmarks/bzip2_amd64_linux_rs-sys_9751c6e7.json,58333580833
90,0.025247116851302487,birthmarks/bzip2_amd64_darwin_go_e1d42f63.json,birthmarks/bzip2_arm64_linux_clang_375294fc.json,13171742917
91,0.029757677711331983,birthmarks/bzip2_amd64_darwin_go_e1d42f63.json,birthmarks/bzip2_arm64_linux_gcc_a5af3ca9.json,10904583708
92,0.799256240067175,birthmarks/bzip2_amd64_darwin_go_e1d42f63.json,birthmarks/bzip2_arm64_linux_go_3b3448f2.json,216412777250
93,0.6389638664493816,birthmarks/bzip2_amd64_darwin_go_e1d42f63.json,birthmarks/bzip2_arm64_linux_rs-pure_927550bd.json,389370144417
94,0.6466474990899759,birthmarks/bzip2_amd64_darwin_go_e1d42f63.json,birthmarks/bzip2_arm64_linux_rs-sys_e5a5c625.json,411080843959
95,0.3868246675243566,birthmarks/bzip2_amd64_darwin_go_e1d42f63.json,birthmarks/bzip2_arm64_linux_tgo_d72531be.json,107931677208
96,0.8130578402553673,birthmarks/bzip2_amd64_darwin_go_e1d42f63.json,birthmarks/bzip2_arm64_windows_clang.exe_797eefb0.json,149867416000
97,0.038390639735456325,birthmarks/bzip2_amd64_darwin_go_e1d42f63.json,birthmarks/bzip2_arm64_windows_gcc.exe_4b1549dd.json,11024732250
98,0.6418091386619533,birthmarks/bzip2_amd64_darwin_go_e1d42f63.json,birthmarks/bzip2_arm64_windows_go.exe_ed2de88c.json,184985048042
99,0.04691126309988356,birthmarks/bzip2_amd64_darwin_go_e1d42f63.json,birthmarks/bzip2_arm64_windows_msvc.exe_22595510.json,24516994208
total duration,64866501275000,1081:06:501
